-- phpMyAdmin SQL Dump
-- version 5.2.1
-- https://www.phpmyadmin.net/
--
-- Host: 127.0.0.1
-- Generation Time: Oct 29, 2023 at 07:35 AM
-- Server version: 10.4.28-MariaDB
-- PHP Version: 8.2.4

SET SQL_MODE = "NO_AUTO_VALUE_ON_ZERO";
START TRANSACTION;
SET time_zone = "+00:00";


/*!40101 SET @OLD_CHARACTER_SET_CLIENT=@@CHARACTER_SET_CLIENT */;
/*!40101 SET @OLD_CHARACTER_SET_RESULTS=@@CHARACTER_SET_RESULTS */;
/*!40101 SET @OLD_COLLATION_CONNECTION=@@COLLATION_CONNECTION */;
/*!40101 SET NAMES utf8mb4 */;

--
-- Database: `store`
--
-- --------------------------------------------------------

--
-- Table structure for table `tbl_admin`
--

CREATE TABLE `tbl_admin` (
  `id` int(11) NOT NULL,
  `username` varchar(255) NOT NULL,
  `password` varchar(255) NOT NULL,
  `fullname` varchar(255) NOT NULL,
  `email` varchar(255) NOT NULL,
  `phone` varchar(10) NOT NULL,
  `address` varchar(255) NOT NULL,
  `role` enum('admin','sale','manager') NOT NULL,
  `create_date` timestamp NOT NULL DEFAULT current_timestamp() ON UPDATE current_timestamp()
) ENGINE=InnoDB DEFAULT CHARSET=utf8mb4 COLLATE=utf8mb4_general_ci;

--
-- Dumping data for table `tbl_admin`
--

INSERT INTO `tbl_admin` (`id`, `username`, `password`, `fullname`, `email`, `phone`, `address`, `role`, `create_date`) VALUES
(1, 'admin', '21232f297a57a5a743894a0e4a801fc3', 'quanh', 'Anhanhvodoi03@gmail.com', '0943678264', ' Hà Nội\r\n', 'admin', '2023-09-11 17:55:43'),
(2, 'admin1', '1', 'quanganh', 'Anhanh0@gmail.com', '087665432', 'Thanh Hóa', 'admin', '2023-09-11 17:29:39');

-- --------------------------------------------------------

--
-- Table structure for table `tbl_blog`
--

CREATE TABLE `tbl_blog` (
  `id` int(11) NOT NULL,
  `title` text NOT NULL,
  `content` text NOT NULL,
  `user` varchar(255) NOT NULL,
  `create_date` varchar(255) NOT NULL,
  `description` text NOT NULL,
  `image` varchar(255) NOT NULL
) ENGINE=InnoDB DEFAULT CHARSET=utf8mb4 COLLATE=utf8mb4_general_ci;

--
-- Dumping data for table `tbl_blog`
--

INSERT INTO `tbl_blog` (`id`, `title`, `content`, `user`, `create_date`, `description`, `image`) VALUES
(14, '10 điện thoại bán chạy nhất thế giới, chỉ một chiếc có AI', '<h3><strong>Trong cuộc đua bổ sung chức năng AI lên điện thoại, Apple là hãng chậm chân nhất. Tuy nhiên, điều này cũng không khiến iPhone bán ế đi.</strong></h3>\r\n<p><img alt=\"10 điện thoại bán chạy nhất thế giới, chỉ một chiếc có AI\" data-original=\"https://photo.znews.vn/w960/Uploaded/sfrsm/2025_05_31/hero_image.fill.size_1248x702.v1.jpg\" src=\"https://photo.znews.vn/w960/Uploaded/sfrsm/2025_05_31/hero_image.fill.size_1248x702.v1.jpg\" title=\"10 điện thoại bán chạy nhất thế giới, chỉ một chiếc có AI\" /></p>\r\n\r\n<p><small>Apple chậm trễ với AI, nhưng không hẳn là thảm họa. Ảnh: Pixelme.</small></p>\r\n<p>Danh sách 10 điện thoại bán chạy nhất quý I không có nhiều biến chuyển khi iPhone vẫn áp đảo về số lượng cùng các vị trí dẫn đầu. Samsung là đại diện nổi bật nhất từ thế giới Android với model S25 Ultra. Vị trí còn lại thuộc về Xiaomi với một máy thuộc phân cấp bình dân.\r\n<br>\r\nApple tưởng chừng đang đối mặt với thảm họa khi chậm chân trong việc bổ sung chức năng AI, thất hứa với bản cập nhật. Tuy nhiên, trí tuệ nhân tạo có vẻ không quan trọng đến vậy với đa số khách hàng.\r\n</p>\r\n<h3><strong>AI không quan trọng đến vậy</strong></h3>\r\n<p>Việc Táo khuyết chậm trễ với Apple Intelligence là tin tức gây thất vọng với rất nhiều người dùng. Nhất là khi công ty quảng cáo đây như một chức năng quan trọng, thay đổi cách sử dụng điện thoại. Trên website, hãng dán nhãn “For Apple Intelligence” cho các mẫu máy có hỗ trợ.\r\n<br>\r\nĐến hiện tại, một vài phần nhỏ rời rạc của bộ công cụ như xóa vật thể ảnh và viết lại văn bản được cung cấp, nhưng chúng hoạt động kém hiệu quả. Phần quan trọng gồm Siri AI mới cùng chức năng Agent vẫn trễ hẹn.\r\n<br>\r\nTình hình không khả quan cho Táo khuyết khi các đối thủ của họ chạy đua AI. Ra mắt S25, Samsung bổ sung loạt chức năng mới, thêm ngữ cảnh để trí tuệ tạo sinh tự hoạt động. Xiaomi, Oppo, Vivo, Google hay Honor cũng làm điều tương tự. Gần như mọi điện thoại Android trên 10 triệu đồng đều có một hoặc nhiều chức năng AI.</p>\r\n<p><img src=\"https://photo.znews.vn/w1200/Uploaded/sfrsm/2025_05_31/15028052025.jpg\" href=\"BangXepHang\"></p>\r\n<p><small>Danh sách 10 điện thoại bán chạy quý I chỉ có S25 Ultra được cài sẵn AI tạo sinh. Ảnh: CounterpointResearch.</small></p>\r\n<p>Nhưng cuối cùng, cái tên duy nhất có trí tuệ nhân tạo trong danh sách điện thoại bán chạy nhất thế giới là Galaxy S25 Ultra. Các mẫu A giá mềm cùng Redmi từ Xiaomi không có công nghệ mới. Những chiếc iPhone nằm ở các vị trí dẫn đầu, đương nhiên thiếu hụt nghiêm trọng các tính năng thời thượng.\r\n<br>\r\nDữ liệu phản ánh người dùng không quá ưu tiên chức năng AI khi lựa chọn điện thoại mới. Đó có thể là phần bổ sung, trải nghiệm mới mẻ. Tuy nhiên, giá trị cốt lõi của sản phẩm mới là yếu tố để thu hút khách hàng.\r\n<br>\r\nNếu AI là ưu tiên hàng đầu, doanh số iPhone có thể đã bị ảnh hưởng nghiêm trọng. Các điện thoại có AI mạnh mẽ như Pixel hay Galaxy phải chiếm hết các vị trí dẫn đầu trong bảng xếp hạng bán chạy.\r\n<br>\r\nVì thực tế, Táo khuyết gần như chậm chân nửa năm so với đối thủ khi ra mắt Apple Intelligence. Công ty mất thêm một năm khi thất hứa trong việc cập nhật. Điều này còn chưa tính đến việc chỉ các nước nói tiếng Anh có cơ hội sử dụng trước. Trong khi đó, một lượng lớn người dùng còn lại khắp thế giới vẫn ở trạng thái chờ đợi.</p>\r\n<h3><strong>Trật tự đã được thiết lập</strong></h3>\r\n<p>So sánh bảng xếp hạng điện thoại bán chạy qua từng năm, có thể thấy xu hướng thị trường đã được thiết lập, ít biến động. Bất chấp việc người dùng đổi điện thoại nhiều hơn, những vị trí trong bảng này gần như không đổi. Luôn có rất nhiều iPhone ở những vị trí cao, kèm với một chiếc flagship Samsung và vài mẫu giá rẻ Android.\r\n<br>\r\nTheo LifeHacker, trật tự này phản ánh việc người dùng có xu hướng trung thành hơn. Cụ thể, những người dùng iOS lại nâng cấp lên iPhone mới. Đến giai đoạn cần mua smartphone mới, nhóm này không phân vân giữa Apple hay Samsung. Họ quan tâm giữa việc chọn bản Plus hay Pro. Chính hệ sinh thái xung quanh cùng thiết bị ngoại vi trói chặt người dùng.</p>\r\n<p><img src=\"https://photo.znews.vn/w1200/Uploaded/sfrsm/2025_04_22/MOMO_3.jpg\" alt=\"Anh\"></p>\r\n<p>Tương tự, khách hàng đang sở hữu Samsung, sẽ lên đời máy Galaxy. Sự cạnh tranh trong thế giới Android sôi nổi hơn, nhưng các hãng Trung Quốc khó lòng vượt qua Samsung, khi hãng này bán tốt ở Mỹ và châu Âu.\r\n<br>\r\nMặt khác, AI là một bổ sung tốt cho điện thoại khi chức năng phần cứng dần bão hòa. Sẽ hiệu quả hơn khi nhà sản xuất tích hợp đầy đủ công cụ vào hệ điều hành. Tuy nhiên, đó không phải phương án duy nhất.\r\n<br>\r\nBất chấp việc Apple chậm chân, người dùng vẫn tải được ChatGPT từ AppStore và truy cập gần như đầy đủ chức năng của nó. iPhone xóa vật thể tệ, nhưng khách hàng vẫn có hàng trăm lựa chọn chỉnh ảnh bằng AI trên chợ phần mềm.</p>\r\n', 'Xuân Sang', '31/05/2025', 'Trong cuộc đua bổ sung chức năng AI lên điện thoại, Apple là hãng chậm chân nhất. Tuy nhiên, điều này cũng không khiến iPhone bán ế đi.', 'public/uploads/blog01.webp'),
(15, 'Apple quyết định dùng ARM, người dùng MacOS phải chia tay Window hay cả GPU rời trong tiếc nuối', '<p><img alt=\"WWDC 2020\" src=\"https://cdn.tgdd.vn/Files/2020/05/06/1253759/wwdc-2020_800x450.jpg\" /></p>\r\n\r\n<h2>Thời gian gần đ&acirc;y, người người nh&agrave; nh&agrave; đồn rằng&nbsp;<a href=\"https://www.thegioididong.com/apple\" target=\"_blank\" title=\"Apple\" type=\"Apple\">Apple</a>&nbsp;c&oacute; động th&aacute;i đem bộ xử l&yacute; ARM l&ecirc;n thế hệ&nbsp;<a href=\"https://www.thegioididong.com/laptop-apple-macbook\" target=\"_blank\" title=\"Apple Macbook \" type=\"Apple Macbook \">Macbook</a>&nbsp;tiếp theo của họ. Vậy, thực hư thế n&agrave;o?</h2>\r\n\r\n<p>Nếu c&oacute; bất kỳ c&ocirc;ng ty n&agrave;o thay đổi tận gốc sản phẩm của họ bằng việc ho&aacute;n đổi vi xử l&yacute;, đ&oacute; chỉ c&oacute; thể l&agrave; Apple, điều n&agrave;y đ&atilde; được chứng nhận từ qu&aacute; khứ đến hiện tại. Kh&ocirc;ng giống với bất k&igrave; h&atilde;ng n&agrave;o, Apple đ&atilde; hai lần bỏ rơi phần cứng của ch&iacute;nh m&igrave;nh để chuyển đến d&ugrave;ng thứ mới mẻ hơn. H&atilde;ng c&ograve;n ngừng đầu tư v&agrave;o phần mềm cũ (với 1 c&aacute;ch tương tự như phần cứng) bằng việc chuyển từ OS 9 cổ điển sang Mac OS X v&agrave; b&acirc;y giờ l&agrave; MacOS.</p>\r\n\r\n<p>Mỗi thời điểm, sự chuyển m&igrave;nh của Apple đều rất mượt m&agrave; v&agrave; kết quả cũng cực kỳ th&agrave;nh c&ocirc;ng khiến mọi người lầm tưởng qu&aacute; tr&igrave;nh n&agrave;y rất đơn giản. Sự chuyển đổi từ vi xử l&yacute; Motorola rồi PowerPC v&agrave; Intel cho Mac kh&ocirc;ng phải l&agrave; điều dễ d&agrave;ng - d&ugrave; h&atilde;ng l&agrave;m điều n&agrave;y rất tốt. Th&agrave;nh quả từ việc n&agrave;y đến từ việc lập kế hoạch k&iacute;n đ&aacute;o, nh&igrave;n xa tr&ocirc;ng rộng của Apple.</p>\r\n\r\n<p>Mỗi lần Apple thực hiện chuyển giao, họ cần c&aacute;c c&ocirc;ng ty kh&aacute;c hợp t&aacute;c với m&igrave;nh. Họ cũng cần đưa ra lời giải th&iacute;ch với người d&ugrave;ng. D&ugrave; rằng hướng đi n&agrave;y kh&ocirc;ng qu&aacute; kh&oacute; cho đa số người d&ugrave;ng nh&agrave; T&aacute;o khuyết thấu hiểu. Tuy nhi&ecirc;n, họ chắc chắn sẽ cảm thấy bất ngờ với những chi tiết đổi mới n&agrave;y (một số c&oacute; thể kh&ocirc;ng th&iacute;ch th&uacute; với hướng đi mới n&agrave;y của Apple). H&atilde;ng phải hướng sự quan t&acirc;m đến người d&ugrave;ng đề ph&ograve;ng trường hợp người d&ugrave;ng bị bỡ ngỡ v&agrave; sẵn s&agrave;ng quở tr&aacute;ch Apple&nbsp;</p>\r\n\r\n<h3><strong>R&agrave;o cản của Apple với Macbook sử dụng ARM&nbsp;</strong></h3>\r\n\r\n<p>Vấn đề của sự chuyển tiếp n&agrave;y dẫn đến sự ph&aacute; vỡ c&aacute;c c&ocirc;ng cụ quen thuộc sẽ l&agrave; mối lo của ARM nhằm phục vụ Apple di chuyển xa khỏi c&aacute;c chuẩn mực phổ biến, quen thuộc ở thời điểm hiện tại . Kh&ocirc;ng c&oacute; sự chuyển giao n&agrave;o l&agrave; đơn giản, nhưng khi Apple chuyển từ vi xử l&yacute; PowerPC sang Intel. Ngay lập tức, h&atilde;ng được hậu thuẫn chạy Windows với chế độ Bootcamp</p>\r\n\r\n<p><img alt=\"Apple AMD\" data-original=\"https://cdn.tgdd.vn/Files/2020/06/12/1262523/apple3_800x450.jpg\" src=\"https://cdn.tgdd.vn/Files/2020/06/12/1262523/apple3_800x450.jpg\" title=\"Apple AMD\" /></p>\r\n\r\n<p>Khi h&atilde;ng chuyển từ Intel sang ARM, khả năng Apple được hậu thuẫn t&iacute;nh năng chạy Windows c&oacute; vẻ đ&atilde; biến mất. Theo dữ liệu trang Appleinsider thu thập được từ c&aacute;c nh&agrave; cung cấp dịch vụ, xấp xỉ 2% m&aacute;y Mac ở Apple được c&agrave;i hệ điều h&agrave;nh Windows tr&ecirc;n chế độ BootCamp. Đ&oacute; kh&ocirc;ng phải l&agrave; con số lớn, tuy nhi&ecirc;n sẽ c&oacute; 1 bộ phận người d&ugrave;ng cảm thấy kh&oacute; chịu nếu Macbook của Apple kh&ocirc;ng thể chạy Windows. H&atilde;ng sẽ mất 1 số kh&aacute;ch h&agrave;ng trong sự việc n&agrave;y</p>\r\n\r\n<p>Phản ứng của người d&ugrave;ng sau động th&aacute;i n&agrave;y của Apple l&agrave; 1 điều đ&aacute;ng t&ograve; m&ograve;. C&oacute; thể 1 số sẽ rời bỏ Apple, nhưng số c&ograve;n lại sẽ t&igrave;m c&aacute;ch m&agrave; họ chưa bao giờ l&agrave;m để c&agrave;i Windows l&ecirc;n Mac v&agrave; tiếp tục c&ocirc;ng việc thường ng&agrave;y của họ</p>\r\n\r\n<h3><strong>Windows sẽ đi về đ&acirc;u tr&ecirc;n Macbook</strong></h3>\r\n\r\n<p>C&oacute; kết luận cho rằng, chế độ BootCamp (c&agrave;i Windows tr&ecirc;n Macbook) sẽ sớm bị th&aacute;o bỏ. D&ugrave; rằng kết luận n&agrave;y chưa được đảm bảo. Apple sẽ kh&ocirc;ng bao giờ muốn người d&ugrave;ng c&agrave;i Windows tr&ecirc;n nền tảng ARM, nhưng Microsoft đ&atilde; sớm thực hiện điều đ&oacute; th&ocirc;ng qua d&ograve;ng sản phẩm Surface mới ra mắt của họ</p>\r\n\r\n<p><img alt=\"Apple windows\" data-original=\"https://cdn.tgdd.vn/Files/2020/06/12/1262523/apple4_800x450.jpg\" src=\"https://cdn.tgdd.vn/Files/2020/06/12/1262523/apple4_800x450.jpg\" title=\"Apple windows\" /></p>\r\n\r\n<p>Ngo&agrave;i ra, c&ograve;n c&oacute; c&aacute;c t&ugrave;y chọn giả lập Windows, v&iacute; dụ như app Parallels. Th&ocirc;ng thường, việc sử dụng app giả lập sẽ cho nhiều sự bất tiện hơn chế độ Boot Camp, tuy nhi&ecirc;n đa số đều cho rằng nếu bạn c&oacute; thể sử dụng tốt Windows, bạn cũng c&oacute; thể sử dụng Parallels trọn vẹn (v&igrave; cả 2 c&oacute; bản chất giống nhau). D&ugrave; vậy, vẫn chưa thể biết được sẽ c&oacute; 1 phi&ecirc;n bản của Parallels chạy tr&ecirc;n nền tảng ARM hay kh&ocirc;ng. C&ocirc;ng bằng m&agrave; n&oacute;i, ch&uacute;ng ta kh&ocirc;ng thể biết v&agrave; kh&ocirc;ng được h&atilde;ng tiết lộ về việc chạy Windows tr&ecirc;n 1 sản phẩm ARM như Surface Pro X c&oacute; phải l&agrave; điều dễ d&agrave;ng hay kh&ocirc;ng&nbsp;</p>\r\n\r\n<p>Điều m&agrave; ch&uacute;ng ta c&oacute; thể đo&aacute;n được l&agrave; d&ugrave; dễ d&agrave;ng hay kh&ocirc;ng, c&ocirc;ng việc n&agrave;y đ&ograve;i hỏi rất nhiều c&ocirc;ng sức. V&agrave;o th&aacute;ng 7/2019, người d&ugrave;ng đ&atilde; bị ngăn chặn cập nhật Windows 10 tr&ecirc;n thiết bị Mac của họ chỉ v&igrave; sự cố của 1 driver nhỏ. Tuy nhi&ecirc;n, ch&uacute;ng ta c&oacute; thể phần n&agrave;o thấu hiểu v&agrave; chắc chắn rằng Microsoft sẽ thấy được lợi &iacute;ch thương mại khi h&atilde;ng n&agrave;y hỗ trợ tận t&igrave;nh Apple (điều m&agrave; trước đ&acirc;y Microsoft chưa bao giờ l&agrave;m)</p>\r\n\r\n<h3><strong>Quyết định về thương mại v&agrave; kỹ thuật</strong></h3>\r\n\r\n<p>Mặc cho việc Microsoft l&agrave; người h&ugrave;ng của Mac v&agrave; người hỗ trợ cho Steve Jobs, mối quan hệ của 2 h&atilde;ng đ&atilde; trở n&ecirc;n tệ hơn gần đ&acirc;y</p>\r\n\r\n<p>Một v&iacute; dụ điển h&igrave;nh, Microsoft đ&atilde; đẩy ho&agrave;n to&agrave;n sự tập trung v&agrave;o Windows v&agrave; từ chối lời đề nghị thiết kế mẫu m&aacute;y t&iacute;nh mới của Steve jobs 1 c&aacute;ch gay gắt. Sau khi&nbsp;<a href=\"https://www.thegioididong.com/may-tinh-bang-apple-ipad\" target=\"_blank\" title=\"Apple Ipad\" type=\"Apple Ipad\">iPad&nbsp;</a>được ra mắt, Microsoft đ&atilde; phớt lờ n&oacute;. Quay ngược thời điểm v&agrave;o năm 2010, người d&ugrave;ng c&oacute; l&yacute; do để tin rằng kh&ocirc;ng c&oacute;&nbsp;<a href=\"https://www.thegioididong.com/phan-mem/office-home-and-student-2019-all-lng-apac-em-pkl-o\" target=\"_blank\" title=\"Microsoft Office \" type=\"Microsoft Office \">Microsoft Office</a>, iPad sẽ thất bại. Sau c&ugrave;ng, d&ugrave; cho người d&ugrave;ng phải chọn c&aacute;c phần mềm kh&aacute;c thay thế Office của Microsoft, họ vẫn chọn iPad.&nbsp;</p>\r\n\r\n<p><img alt=\"iPad chạy office\" data-original=\"https://cdn.tgdd.vn/Files/2020/06/12/1262523/apple2_800x450.jpg\" src=\"https://cdn.tgdd.vn/Files/2020/06/12/1262523/apple2_800x450.jpg\" title=\"iPad chạy office\" /></p>\r\n\r\n<p>V&agrave;o 2014, Microsoft đ&atilde; mang bộ Office l&ecirc;n iPad v&agrave; tiếp tục ph&aacute;t triển c&aacute;c phi&ecirc;n bản mới của ứng dụng tr&ecirc;n hệ điều h&agrave;nh iOS sau khi thấy được lợi &iacute;ch của việc hỗ trợ Apple. Ng&agrave;y nay, Apple đang l&agrave;m điều tương tự với Photoshop cho iPad v&agrave; ứng dụng illustrator cũng được c&ocirc;ng bố sẽ hỗ trợ cho tablet của nh&agrave; T&aacute;o khuyết</p>\r\n\r\n<p>Thật vậy, Adobe thu về nhiều lợi nhuận từ Apple, đặc biệt khi Adobe Indesign trở th&agrave;nh chuẩn mực cho c&ocirc;ng việc xuất bản. Để c&oacute; được điều n&agrave;y phải kể đến đối thủ kh&oacute; c&oacute; thể vượt qua của họ QuarkXPress- h&atilde;ng n&agrave;y đ&atilde; đặt 1 c&aacute; cược với OS X (sau đ&oacute; dẫn đến sự cố mất 1/10 thị phần người d&ugrave;ng Mac). Thời điểm đ&oacute;, Quark kh&ocirc;ng quan t&acirc;m đến người d&ugrave;ng, nhưng khi họ đ&aacute;nh mất cộng đồng người d&ugrave;ng Mac, họ nhận ra họ cũng bị tổn thất thị phần ở mảng PC. Sau đ&oacute;, Steve Jobs tuy&ecirc;n bố Adobe l&agrave; &ldquo;Nh&agrave; ph&aacute;t triển lớn thuộc b&ecirc;n thứ 3&rdquo; cuối d&ugrave;ng đ&atilde; gia nhập Mac OS X.</p>\r\n\r\n<p>Những nh&agrave; ph&aacute;t triển b&ecirc;n thứ 3 n&agrave;y phải th&ocirc;ng qua quyết định thương mại lẫn kỹ thuật để hỗ trợ Apple. May mắn thay, bọn họ c&oacute; đủ t&agrave;i nguy&ecirc;n để quyết định việc chọn lựa. Một số nh&agrave; ph&aacute;t triển nhỏ hơn kh&ocirc;ng may mắn như vậy. Điều n&agrave;y c&oacute; thể dẫn đến sự kh&oacute; khăn của 1 số người d&ugrave;ng v&igrave; kh&ocirc;ng được hỗ trợ nhiều khi h&atilde;ng quyết định chuyển sang d&ugrave;ng ARM cho Mac</p>\r\n\r\n<h3><strong>C&ocirc;ng cụ hỗ trợ đến từ c&aacute;c nh&agrave; ph&aacute;t triển nhỏ v&ocirc; c&ugrave;ng quan trọng&nbsp;</strong></h3>\r\n\r\n<p>Ch&uacute;ng ta c&oacute; thể chắc chắn rằng c&aacute;c nh&agrave; ph&aacute;t triển nhỏ ch&iacute;nh l&agrave; đồng minh m&agrave; Apple cần tr&ecirc;n con đường sử dụng ARM, chủ yếu c&aacute;c nh&agrave; ph&aacute;t triển n&agrave;y đ&atilde; c&oacute; kinh nghiệm sau thất bại trong bước chuyển m&igrave;nh với MacOS Catalina. D&ugrave; rằng Apple đ&atilde; &acirc;m thầm cảnh b&aacute;o c&aacute;c nh&agrave; ph&aacute;t triển nhiều năm v&agrave; mới chỉ c&ocirc;ng khai c&aacute;c cảnh b&aacute;o n&agrave;y &iacute;t nhất một năm trở lại. Tuy nhi&ecirc;n, bọn họ vẫn bị ảnh hưởng bởi Catalina chỉ hỗ trợ c&aacute;c ứng dụng 64-bit</p>\r\n\r\n<p>Một số c&ocirc;ng ty tạo ra ứng dụng cho Mac đ&atilde; bỏ rơi nh&agrave; T&aacute;o Khuyết v&igrave; sự bất tiện tr&ecirc;n. Sự bất tiện n&agrave;y ảnh hưởng đến app n&oacute;i ri&ecirc;ng v&agrave; phần mềm (kể cả driver) n&oacute;i chung. Nh&agrave; ph&aacute;t triển phần cứng tạo n&ecirc;n driver phần mềm để c&aacute;c thiết bị của họ hoạt động tốt tr&ecirc;n Mac. Nếu phần mềm kh&ocirc;ng được cập nhật, phần cứng sẽ kh&ocirc;ng thực hiện tốt chức năng của m&igrave;nh.&nbsp;</p>\r\n\r\n<p><img alt=\"GPU gắn ngoài\" data-original=\"https://cdn.tgdd.vn/Files/2020/06/12/1262523/apple1_800x450.jpg\" src=\"https://cdn.tgdd.vn/Files/2020/06/12/1262523/apple1_800x450.jpg\" title=\"GPU gắn ngoài\" /></p>\r\n\r\n<p>Do đ&oacute;, bước chuyển m&igrave;nh đến MacOS catalina của Apple cho thấy vấn đề của 1 số c&ocirc;ng cụ hỗ trợ vốn c&oacute; li&ecirc;n quan đến phần mềm (v&iacute; dụ egpu). B&ecirc;n cạnh ứng dụng đầy đủ v&agrave; c&aacute;c driver nhỏ, lẻ. C&oacute; 1 số Plugins (tiện &iacute;ch) cho ứng dụng Mac v&agrave; bổ trợ phần cứng. V&ocirc; số bi&ecirc;n tập vi&ecirc;n Video v&agrave; Audio tr&ocirc;ng cậy v&agrave;o những app như Final Cut Pro X, Logic pro m&agrave; họ đ&atilde; sử dụng nhiều năm qua.</p>\r\n\r\n<p>Ch&uacute;ng ta c&oacute; thể chắc chắn rằng Final Cut Pro X sẽ được chắp c&aacute;nh tr&ecirc;n nền tảng ARM v&igrave; ứng dụng n&agrave;y được ph&aacute;t triển bởi Apple, người d&ugrave;ng c&oacute; thể sẽ kh&ocirc;ng h&agrave;i l&ograve;ng về hướng đi n&agrave;y v&igrave; chưa c&oacute; một tiện &iacute;ch quan trọng n&agrave;o về ứng dụng n&agrave;y được cập nhật. Học hỏi v&agrave; cải thiện ch&iacute;nh l&agrave; c&acirc;u trả lời, MacOS catalina đại diện đồng thời cho sự t&iacute;ch cực v&agrave; ti&ecirc;u cực ở nhiều kh&iacute;a cạnh. Tin xấu l&agrave; nhiều nh&agrave; ph&aacute;t triển kh&ocirc;ng muốn/ kh&ocirc;ng thể cập nhật phần mềm 64 bit của họ. Nhưng mặt t&iacute;ch cực l&agrave; họ đều nghe thấy y&ecirc;u cầu của người d&ugrave;ng&nbsp;</p>\r\n\r\n<h3><strong>Hướng đi v&agrave; tương lai của Apple&nbsp;</strong></h3>\r\n\r\n<p>Steve Jobs lo liệu về bước chuyển giao lớn cuối c&ugrave;ng&nbsp; - sử dụng vi xử l&yacute; Intel, v&agrave; những g&igrave; &ocirc;ng tuy&ecirc;n bố trước c&ocirc;ng ch&uacute;ng l&agrave; kinh điển trong việc giải th&iacute;ch điều g&igrave; đang diễn ra, v&igrave; sao v&agrave; khi n&agrave;o. Mọi người cũng thấu hiểu rằng Steve c&ograve;n đề cập đến việc n&agrave;y kh&aacute; nhiều lần d&ugrave; cho kh&ocirc;ng phải tất cả đều đ&uacute;ng&nbsp;</p>\r\n\r\n<p>Apple c&ocirc;ng bố sự hợp t&aacute;c với Intel v&agrave;o th&aacute;ng 6/2005 v&agrave; cung cấp bộ chuyển đổi nhằm trợ gi&uacute;p cho c&aacute;c nh&agrave; ph&aacute;t triển. V&agrave; rồi sản phẩm Mac c&oacute; vi xử l&yacute; Intel đầu ti&ecirc;n c&ocirc;ng bố đại ch&uacute;ng được giao v&agrave;o th&aacute;ng 1/2006. Nếu tin đồn về việc Apple tăng tốc trong việc ph&aacute;t triển ARM tr&ecirc;n Mac l&agrave; sự thật, ch&uacute;ng ta sẽ nh&igrave;n thấy th&ocirc;ng b&aacute;o đầu ti&ecirc;n của Apple v&agrave;o cuối 2020. Liệu T&aacute;o khuyết c&oacute; tiết lộ hướng đi của h&atilde;ng ở sự kiện WWDC thời điểm th&aacute;ng 6/2020?</p>\r\n\r\n<p><img alt=\"WWDC 2020\" data-original=\"https://cdn.tgdd.vn/Files/2020/06/12/1262523/wwdc_800x450.jpg\" src=\"https://cdn.tgdd.vn/Files/2020/06/12/1262523/wwdc_800x450.jpg\" title=\"WWDC 2020\" /></p>\r\n\r\n<p>Apple của năm 2020 l&agrave; 1 g&atilde; khổng lồ so với Apple năm 2006. Điều n&agrave;y c&oacute; nghĩa l&agrave; c&aacute;c nh&agrave; ph&aacute;t triển sẽ &iacute;t nhiều hỗ trợ Apple tr&ecirc;n bước chuyển m&igrave;nh đến với ARM (điều n&agrave;y sẽ v&ocirc; t&igrave;nh l&ocirc;i k&eacute;o nhiều nh&agrave; ph&aacute;t triển đầu tư v&agrave;o Apple nhiều hơn). Lĩnh vực phần mềm l&agrave; cốt yếu. Appe chắc chắn kh&ocirc;ng để cho dịch vụ Apple Arcade (dịch vụ thu&ecirc; tr&ograve; chơi từ h&atilde;ng) thu giảm thị phần v&igrave; sự k&eacute;m tương th&iacute;ch của c&aacute;c game với nền tảng mới</p>\r\n\r\n<p>Ch&uacute;ng ta cũng phải tỉnh t&aacute;o hơn với hướng đi n&agrave;y của h&atilde;ng, nh&igrave;n nhận h&agrave;ng trăm thử th&aacute;ch Apple phải vượt qua. C&oacute; vẻ như c&aacute;c vấn đề ng&agrave;y c&agrave;ng trở n&ecirc;n phức tạp hơn, nhưng c&aacute;c t&iacute;n hiệu cho thấy Apple đ&atilde; chuẩn bị sẵn s&agrave;ng. Sự chuyển tiếp n&agrave;y c&oacute; cơ hội nối tiếp th&agrave;nh c&ocirc;ng trước của Apple. Tuy nhi&ecirc;n muốn đem đến th&agrave;nh c&ocirc;ng cho người d&ugrave;ng, Apple phải đối đầu với kh&oacute; khăn, đặc biệt l&agrave; kh&oacute; khăn đến từ ph&iacute;a ch&uacute;ng ta- người d&ugrave;ng của h&atilde;ng&nbsp;</p>\r\n', 'Admin', '14/04/2025', 'Vấn đề của sự chuyển tiếp này dẫn đến sự phá vỡ các công cụ quen thuộc sẽ là mối lo của ARM nhằm phục vụ Apple di chuyển xa khỏi các chuẩn mực phổ biến, quen thuộc ở thời điểm hiện tại . Không có sự chuyển giao nào là đơn giản, nhưng khi Apple chuyển từ vi xử lý PowerPC sang Intel. Ngay lập tức, hãng được hậu thuẫn chạy Windows với chế độ Bootcamp', 'public/uploads/blog02.jpg'),
(16, 'Trung Quốc sản xuất chip AI phi nhị phân đầu tiên trên thế giới', '<p>Chip AI của Trung Quốc vượt qua những rào cản tính toán truyền thống và sẽ được sử dụng trong màn hình cảm ứng, hệ thống bay và điều hướng máy bay.</p>\r\n<p><img src=\"https://i1-vnexpress.vnecdn.net/2025/06/11/VNE-AI-1749614667-7821-1749614739.jpg?w=1020&h=0&q=100&dpr=1&fit=crop&s=o5z6cz0iqo0Gfe4Z5M_DCg\" alt=\"AnhMinhHoa\"></p>\r\n<p><small>Chip AI phi nhị phân mới khắc phục nhiều rào cản tính toán khi kết hợp logic nhị phân và ngẫu nhiên. Ảnh: Abachy</small></p>\r\n<p><i>Interesting Engineering</i> hôm 9/6 đưa tin Trung Quốc bắt đầu ứng dụng trên quy mô lớn chip AI phi nhị phân tích hợp công nghệ tính toán lai độc quyền vào các lĩnh vực quan trọng như hàng không và hệ thống công nghiệp. Phát triển bởi nhóm nghiên cứu đứng đầu là giáo sư Li Hongge tại Đại học Hàng không Bắc Kinh, đột phá này vượt qua nhiều rào cản cơ bản trong tính toán truyền thống bằng cách kết hợp logic nhị phân và ngẫu nhiên, đạt khả năng chịu lỗi và hiệu suất năng lượng chưa từng có trong ứng dụng điều khiển thông minh như màn hình cảm ứng và hệ thống bay.\r\n<br><br>\r\nCông nghệ chip hiện nay đối mặt hai thách thức lớn là bức tường năng lượng và bức tường kiến trúc. Bức tường năng lượng xuất phát từ mâu thuẫn cơ bản, trong khi hệ thống nhị phân rất hiệu quả trong truyền tải thông tin, chúng tiêu thụ năng lượng lớn. Bức tường kiến trúc là do chip phi silicon mới không thể dễ dàng tương tác với hệ thống truyền thống dựa trên CMOS (bán dẫn oxit kim loại bổ sung).\r\n<br><br>\r\nNhóm của Li tìm kiếm các giải pháp thay thế từ năm 2022. Đột phá của họ đến từ đề xuất một hệ thống số mới mang tên Số ngẫu nhiên lai (HSN), kết hợp số nhị phân truyền thống với số dựa trên xác suất. Logic nhị phân, nền tảng của tính toán hiện nay, biểu thị các biến bằng ký tự 0 và 1, dựa vào phép toán số học chính xác. Tuy nhiên, tính toán nhị phân quy mô lớn đòi hỏi nhiều tài nguyên phần cứng.\r\n<br><br>\r\nNgược lại, tính toán xác suất tận dụng tần số của tín hiệu điện áp cấp cao trong khoảng thời gian cố định để biểu thị giá trị, giúp giảm đáng kể mức tiêu thụ phần cứng. Cách này đã được sử dụng trong nhiều lĩnh vực như xử lý hình ảnh, mạng nơron và học sâu. Nhưng tính toán xác suất cũng có độ chậm trễ lớn trong tính toán do cách biểu thị giá trị dựa trên tần số.\r\n<br><br>\r\nĐể giải quyết vấn đề trên, Li và cộng sự giới thiệu logic xác suất lai, kết hợp tốc độ của tính toán nhị phân với hiệu quả của logic ngẫu nhiên. Dựa trên khái niệm đó, nhóm thiết kế chip thông minh cho cảm ứng và hiển thị vào năm 2023, sử dụng công nghệ quy trình 110-nanometre của nhà sản xuất chip hàng đầu Trung Quốc là Tập đoàn Quốc tế Sản xuất Bán dẫn. Họ tiếp tục phát triển một chip hiệu suất cao cho học máy.\r\n<br><br>\r\nNgoài HSN, chip mới còn tích hợp thuật toán tính toán trong bộ nhớ, giúp giảm thiểu việc chuyển dữ liệu tiêu tốn nhiều năng lượng giữa bộ nhớ và bộ xử lý, qua đó cải thiện hiệu suất tổng thể. Nó cũng trang bị hệ thống trên chip (SoC), tích hợp các loại đơn vị tính toán khác nhau để xử lý nhiều tác vụ song song, tránh được hạn chế của cấu trúc truyền thống.\r\n<br><br>\r\nChip AI của nhóm Li đang được áp dụng trong các trường hợp điều khiển thông minh, bao gồm nhận diện cảm ứng, giúp lọc nhiễu để phát hiện tín hiệu yếu và tăng cường tương tác người dùng. Nó cũng được sử dụng trong màn hình thiết bị, cho phép xử lý dữ liệu chính xác, tiêu thụ ít năng lượng, cải thiện hiệu suất và độ tin cậy. Trong hệ thống điều khiển bay, nó cung cấp hỗ trợ tính toán mạnh mẽ để điều hướng máy bay chính xác và ổn định.\r\n<br><br>\r\nLi cho biết nhóm nghiên cứu đang làm việc để mở rộng khả năng của chip sang xử lý giọng nói và hình ảnh, tăng tốc mô hình AI lớn và nhiều nhiệm vụ tính toán phức tạp khác.</p>', 'An Khang', '11/06/2025', 'Chip AI của Trung Quốc vượt qua những rào cản tính toán truyền thống và sẽ được sử dụng trong màn hình cảm ứng, hệ thống bay và điều hướng máy bay.', 'public/uploads/blog03.webp'),
(17, 'Samsung hé lộ Galaxy Z Fold7 là smartphone gập \'mỏng nhẹ nhất\'', '<p>Samsung cho biết mẫu smartphone sắp ra mắt, được cho là Galaxy Z Fold7, sẽ là điện thoại gập mỏng nhẹ và tiên tiến nhất.\r\n<br><br>\r\nTuần trước, Samsung đăng thông tin ẩn ý rằng smartphone mới sẽ ra mắt tháng 7. Ngày 10/6, họ tiếp tục cho biết sản phẩm sẽ là phiên bản mỏng nhẹ nhất và đội ngũ kỹ sư, thiết kế của hãng đang tiếp tục cải tiến qua từng thế hệ để Galaxy Z trở nên mỏng và bền bỉ hơn.</p>\r\n<p><img src=\"https://i1-vnexpress.vnecdn.net/2025/06/10/Galaxy-Z-Fold-7-thin-unfolded-5522-4488-1749573098.jpg?w=1020&h=0&q=100&dpr=1&fit=crop&s=HnPmDzXm7NwZikfFtqhWDg\"></p>\r\n<p><small>Hình ảnh Galaxy Z Fold7 với thiết kế siêu mỏng được Samsung hé lộ.</small></p>\r\n<p>Trước đó, Ice Cat, tài khoản từng có tên Ice Universe và chia sẻ nhiều thông tin chính xác về sản phẩm chưa ra mắt, cho biết Galaxy Z Fold7 dự kiến có độ dày 3,9 mm khi mở và 8,9 mm khi gập. Nếu đúng, đây sẽ là smartphone gập mỏng nhất thế giới, soán ngôi của Oppo Find N5 với số đo tương ứng 4,2 và 8,9 mm. Kích thước này trên Galaxy Z Fold6 lần lượt là 5,6 và 12,1 mm.\r\n<br><br>\r\nDù mỏng, máy dự kiến giữ nguyên dung lượng pin 4.400 mAh nhờ sử dụng công nghệ pin và sạc mới.\r\n<br><br>\r\nBên cạnh đó, màn hình ngoài của máy cũng có thể tăng lên 6,5 inch, còn màn hình trong 8,2 inch, tương đương phiên bản Z Fold 6 Special Edition. Máy trang bị chip Snapdragon Elite mới nhất và camera chính nâng lên 200 megapixel.\r\n<br><br>\r\nSmartphone gập thế hệ mới của <a href=\"#\">Samsung</a> dự kiến được công bố trong sự kiện Unpacked diễn ra tháng tới ở New York.</p>', 'Huy Đức', '11/06/2025', 'Samsung cho biết mẫu smartphone sắp ra mắt, được cho là Galaxy Z Fold7, sẽ là điện thoại gập mỏng nhẹ và tiên tiến nhất.', 'public/uploads/blog04.webp'),
(18, 'AI của Google \'nhầm\' năm nay là 2024', '<p>AI Overviews, tính năng hỗ trợ tìm kiếm bằng AI của Google, nhầm lẫn năm hiện tại khi các truy vấn đều ra kết quả \"2024\".\r\n<br><br>\r\nTheo ghi nhận của TechCrunch, vài ngày qua, AI Overviews - tính năng AI tổng hợp thông tin xuất hiện ở đầu trang kết quả tìm kiếm của Google - phản hồi sai về thời gian. Với câu hỏi như \"Năm nay có phải 2025?\", \"Năm nay là năm nào?\" hay \"Cho tôi biết năm hiện tại\", các câu trả lời đều có nội dung là 2024. Trên mạng xã hội như X hay Facebook, nhiều người đăng ảnh chụp màn hình về trải nghiệm tương tự.</p>\r\n<p><img src=\"https://i1-vnexpress.vnecdn.net/2025/05/30/DSC01225-JPG-1748622196-1667-1748622771.jpg?w=1020&h=0&q=100&dpr=1&fit=crop&s=jBLQqpCdb6Tn6nTS9JwlAw\"></p>\r\n<p><small>Phản hồi của Google cho câu hỏi về năm hiện tại. Ảnh: Bảo Lâm</small></p>\r\n<p>Sau khi nhận phản ánh, Google bắt đầu sửa lỗi vào 30/5. Hiện người dùng sẽ nhận được phản hồi là năm 2025, nhưng kèm dòng chữ \"Câu trả lời của AI có thể mắc sai lầm\".\r\n<br><br>\r\nKhi được hỏi về nguyên nhân AI Overviews phản hồi sai, công ty từ chối đề cập, chỉ nói đang phát triển bản cập nhật để tránh những sự cố tương tự. \"Giống như tất cả tính năng bên trong Google Search, chúng tôi liên tục cải tiến một cách nghiêm ngặt, và các trường hợp sai là cơ hội để cập nhật hệ thống. Phần lớn kết quả từ AI Overviews vẫn cung cấp thông tin hữu ích, thực tế\", phát ngôn viên Google cho biết.\r\n<br><br>\r\nAI Overviews lần đầu được giới thiệu tại Google I/O 2023 như một phần của trải nghiệm tìm kiếm mới trên Google Search. Công ty khi đó cho biết AI này không chỉ đơn giản cho ra kết quả đầu ra dựa trên dữ liệu được đào tạo, mà còn tích hợp hệ thống xếp hạng web cốt lõi để thực hiện tác vụ tìm kiếm truyền thống với chất lượng cao. Có nghĩa, AI Overviews không chỉ cung cấp đầu ra văn bản, mà còn gồm các liên kết có liên quan để người dùng có thể khám phá thêm.\r\n<br><br>\r\nDù vậy, năm ngoái, công cụ này bị phát hiện trả lời sai về các truy vấn, chẳng hạn \"nên ăn bao nhiêu đá mỗi ngày\" hay khuyên \"dùng keo dán để phô mai dính vào bánh pizza\". Google sau đó thừa nhận trong một số trường hợp, AI Overviews hiểu nhầm vấn đề, phổ biến nhất là \"hiểu sai truy vấn, sắc thái của ngôn ngữ trên web hoặc cơ sở dữ liệu không có sẵn nhiều thông tin hữu ích\".\r\n<br><br>\r\nThời gian qua, Google liên tục nâng cấp AI Overviews với mô hình Gemini mới nhất. Cuối tháng trước, CEO Google Sundar Pichai cho biết tính năng hiện có 1,5 tỷ người dùng tại hơn 100 quốc gia sử dụng, nhiều nhất tại Mỹ và Ấn Độ.</p>', 'Bảo Lâm', '31/05/2025', 'AI Overviews, tính năng hỗ trợ tìm kiếm bằng AI của Google, nhầm lẫn năm hiện tại khi các truy vấn đều ra kết quả \"2024\".', 'public/uploads/blog05.webp'),
(19, 'MSI giới thiệu các mẫu laptop phù hợp học sinh, sinh viên', '<p>MSI gợi ý các dòng laptop đáp ứng nhu cầu học tập, soạn thảo văn bản hoặc sử dụng các phần mềm kỹ thuật, phù hợp học sinh, sinh viên.\r\n<br><br>\r\nMùa tựu trường là thời điểm các nhà phân phối thường tung ra ưu đãi cho điện thoại, laptop nhằm thu hút người dùng. Từ đó, MSI đưa ra gợi ý, kèm nhiều ưu đãi cho các sản phẩm của hãng, đáp ứng đa dạng nhu cầu học sinh, sinh viên chuẩn bị hành trang tới trường.</p>\r\n<h3><strong>Học tập và làm việc thông thường</strong></h3>\r\n<p>Với các tác vụ nhẹ nhàng như làm bài tập, báo cáo hay tra cứu tài liệu, các mẫu laptop MSI Modern 14 và Modern 15 sẽ là lựa chọn phù hợp. Sản phẩm có thiết kế gọn gàng, trọng lượng nhẹ, hiệu năng tốt và nhiều cổng kết nối. Modern 14 H D13MG (mã 217VN) có màn hình 14 inch và nặng 1,6 kg, phù hợp cho các bạn nữ hoặc những ai ưa thích dòng máy nhẹ. Ở lựa chọn màn hình lớn hơn, Modern 15 H C13M (mã 216VN) rộng 15,6 inch vẫn phù hợp, đủ nhỏ để nằm gọn trong balo.\r\n<br><br>\r\nCả hai mẫu laptop trên đều trang bị CPU Intel Core i7 H series, RAM 16GB (có khả năng nâng cấp) và ổ cứng SSD dung lượng lên đến 1 TB. Bàn phím của dòng máy Modern có đèn nền tích hợp, thiết kế phím sâu mang đến cảm giác gõ thoải mái. Hệ thống cổng gồm USB Type-A, USB Type-C và HDMI cho phép kết nối với hầu hết các thiết bị ngoại vi. Cổng Type-C đa năng có thể xuất hình ảnh và hỗ trợ sạc nhanh.</p>\r\n<p><img src=\"https://i1-sohoa.vnecdn.net/2024/08/29/Image-ExtractWord-1-Out-5302-1724919073.png?w=1020&h=0&q=100&dpr=1&fit=crop&s=WOjchVBuEKKSxvKiFlgA8w\"></p>\r\n<p><small>Dòng máy Prestige 13 phù hợp người dùng nữ giới, yêu thích sự năng động, gọn gàng. Ảnh: MSI</small></p>\r\n<h3><strong>Chơi game hoặc sử dụng các phần mềm kỹ thuật</strong></h3>\r\n<p>Theo đại diện MSI, những ai làm việc với các phần mềm kỹ thuật chuyên ngành như Matlab hay Solidworks, chơi game, việc sở hữu một chiếc laptop có card đồ họa rời là cần thiết.\r\n<br><br>\r\nDòng máy Thin và Cyborg của MSI thiết kế dành cho người dùng trẻ năng động, thường xuyên di chuyển. Với trọng lượng chưa tới 2 kg, các mẫu Thin 15 và Cyborg 14/15 có tính cơ động cao trong khi vẫn sở hữu cấu hình mạnh. Sản phẩm có hai tùy chọn cấu hình: card đồ họa RTX 2050/3050 phù hợp với nhu cầu chơi game vừa phải; card RTX 40 series (như RTX 4050/4060) đáp ứng tốt cho các game AAA hay phần mềm đồ họa mới nhất.\r\n<br><br>\r\nVới những ai ưa thích kiểu dáng cứng cáp, nam tính và muốn tối đa hóa hiệu năng, dòng máy Katana với các mẫu Katana 15 B13VEK (mã 252VN) hay Katana 15 B13VFK (mã 676VN) hoặc dòng máy Sword 16 HX là lựa chọn phù hợp. Bàn phím có đèn nền RGB và cụm phím WASD nổi bật. Các mẫu laptop Katana còn có MUX Switch và tản nhiệt Cooler Boost 5 độc quyền giúp phát huy tối đa khả năng xử lý đồ họa và đảm bảo độ ổn định.\r\n<br><br>\r\nVới dải sản phẩm đa dạng, không khó để học sinh, sinh viên chọn ra một mẫu laptop MSI phù hợp với nhu cầu. Đặc biệt, mua máy trong thời điểm 19/8-31/10, người mua có cơ hội nhận nhiều ưu đãi giảm giá cùng các gói bảo hành mở rộng cùng quà tặng.</p>', 'Thái Anh', '14/06/2025', 'MSI gợi ý các dòng laptop đáp ứng nhu cầu học tập, soạn thảo văn bản hoặc sử dụng các phần mềm kỹ thuật, phù hợp học sinh, sinh viên.', 'public/uploads/blog06.webp'),
(20, 'Galaxy S20 Lite (Fan Edition) khoe điểm sức mạnh trên Geekbench, được trang bị Snapdragon 865, RAM 6GB', '<p><img alt=\"Galaxy S20\" data-original=\"https://cdn.tgdd.vn/Files/2020/07/14/1270448/galaxy-s20-1_800x450.jpg\" src=\"https://cdn.tgdd.vn/Files/2020/07/14/1270448/galaxy-s20-1_800x450.jpg\" title=\"Galaxy S20\" /></p>\r\n\r\n<p>Galaxy S20</p>\r\n\r\n<h2>Đ&atilde; gần 4 tth&aacute;ng kể từ khi&nbsp;<a href=\"https://www.thegioididong.com/dtdd-samsung\" target=\"_blank\" title=\"Samsung\" type=\"Samsung\">Samsung</a>&nbsp;c&ocirc;ng bố d&ograve;ng&nbsp;<a href=\"https://www.thegioididong.com/dtdd/samsung-galaxy-s20\" target=\"_blank\" title=\"Galaxy S20\" type=\"Galaxy S20\">Galaxy S20</a>. Thời gian qua đ&atilde; xuất hiện nhiều tin đồn cho rằng Samsung sẽ tr&igrave;nh l&agrave;ng th&ecirc;m một mẫu&nbsp;<a href=\"https://www.thegioididong.com/dtdd\" target=\"_blank\" title=\"điện thoại\" type=\"điện thoại\">điện thoại</a>&nbsp;thuộc d&ograve;ng Galaxy S20, đ&oacute; l&agrave; Galaxy S20 Lite (<a href=\"https://www.thegioididong.com/dtdd/samsung-galaxy-s20-fan-edition\" target=\"_blank\" title=\"Galaxy S20 Fan Edition\" type=\"Galaxy S20 Fan Edition\">Fan Edition</a>). Thiết bị vừa lộ điểm sức mạnh tr&ecirc;n Geekbench, x&aacute;c nhận một v&agrave;i th&ocirc;ng số cấu h&igrave;nh tương đối ổn.</h2>\r\n\r\n<p>Dữ liệu từ Geekbench cho thấy Galaxy S20 Lite với t&ecirc;n m&atilde; Samsung SM-G781B, được trang bị bộ xử l&yacute; octa-core của Qualcomm với tần số cơ bản 1.8 GHz, đ&acirc;y ch&iacute;nh x&aacute;c l&agrave; chip Snapdragon 865. Thiết bị sở hữu RAM 6 GB, dung lượng RAM thấp nhất trong d&ograve;ng Galaxy S20. Galaxy S20 Lite sẽ chạy Android 10 khi l&ecirc;n kệ ch&iacute;nh thức.</p>\r\n\r\n<p><img alt=\"Galaxy S20 Lite trên Geekbench\" data-original=\"https://cdn.tgdd.vn/Files/2020/07/14/1270448/samsung-sm-g781b-geekbench_600x670.jpg\" src=\"https://cdn.tgdd.vn/Files/2020/07/14/1270448/samsung-sm-g781b-geekbench_600x670.jpg\" title=\"Galaxy S20 Lite trên Geekbench\" /></p>\r\n\r\n<p>Galaxy S20 Lite tr&ecirc;n Geekbench</p>\r\n\r\n<p>Galaxy S20 Lite đạt 737 điểm trong b&agrave;i kiểm tra l&otilde;i đơn v&agrave; 2.619 điểm trong b&agrave;i kiểm tra đa l&otilde;i tr&ecirc;n Geekbench.&nbsp;</p>\r\n\r\n<p>Trong một th&ocirc;ng tin li&ecirc;n quan,&nbsp;<a href=\"https://www.thegioididong.com/dtdd/samsung-galaxy-z-flip-5g\" target=\"_blank\" title=\"Galaxy Z Flip 5G\" type=\"Galaxy Z Flip 5G\">Galaxy Z Flip 5G</a>&nbsp;gần đ&acirc;y cũng đ&atilde; lộ diện điểm số tr&ecirc;n Geekbench với trang bị chip Snapdragon 865, RAM 8 GB v&agrave; chạy Android 10. Thiết bị đạt 868 điểm trong b&agrave;i kiểm tra l&otilde;i đơn v&agrave; 2.947 điểm trong b&agrave;i kiểm tra đa l&otilde;i.</p>\r\n\r\n<p>Galaxy Z Flip 5G dự kiến sẽ được c&ocirc;ng bố tại sự kiện Galaxy Unpacked diễn ra v&agrave;o ng&agrave;y 5/8. Đ&acirc;y cũng l&agrave; thời điểm tốt để Samsung tr&igrave;nh l&agrave;ng Galaxy S20 Lite. Bạn mong chờ điều g&igrave; tr&ecirc;n Galaxy S20 Lite?</p>\r\n', 'Admin', '14/07/2023', 'Đã gần 4 ttháng kể từ khi Samsung công bố dòng Galaxy S20. Thời gian qua đã xuất hiện nhiều tin đồn cho rằng Samsung sẽ trình làng thêm một mẫu điện thoại thuộc dòng Galaxy S20, đó là Galaxy S20 Lite (Fan Edition). Thiết bị vừa lộ điểm sức mạnh trên Geekbench, xác nhận một vài thông số cấu hình tương đối ổn.', 'public/uploads/blog07.jpg'),
(21, 'Khảo sát nhanh: Bạn thích thiết kế màn phẳng hơi bo cong của Galaxy Note 20 hay màn hình cong vuông vức của Galaxy Note 10?', '<p><img alt=\"Note 20 hay Note 10?\" data-original=\"https://cdn.tgdd.vn/Files/2020/07/14/1270665/hinhanh1_800x450.png\" src=\"https://cdn.tgdd.vn/Files/2020/07/14/1270665/hinhanh1_800x450.png\" title=\"Note 20 hay Note 10?\" /></p>\r\n\r\n<h2>Sau khi tiết lộ cấu h&igrave;nh render của chiếc&nbsp;<a href=\"https://www.thegioididong.com/dtdd\" target=\"_blank\" title=\"smartphone\" type=\"smartphone\">smartphone</a>&nbsp;Galaxy Note 20, th&igrave; mới đ&acirc;y leaker Ice Universe lại tung ra một bức ảnh đặt l&ecirc;n b&agrave;n c&acirc;n so s&aacute;nh giữa hai phi&ecirc;n bản&nbsp;<a href=\"https://www.thegioididong.com/dtdd/samsung-galaxy-note-20\" target=\"_blank\" title=\"Note 20\" type=\"Note 20\">Note 20</a>&nbsp;v&agrave;&nbsp;<a href=\"https://www.thegioididong.com/dtdd/samsung-galaxy-note-10\" target=\"_blank\" title=\"Note 10\" type=\"Note 10\">Note 10</a>.&nbsp;</h2>\r\n\r\n<p><img alt=\"Hình ảnh\" data-original=\"https://cdn.tgdd.vn/Files/2020/07/14/1270665/twitter_800x450.png\" src=\"https://cdn.tgdd.vn/Files/2020/07/14/1270665/twitter_800x450.png\" title=\"Hình ảnh\" /></p>\r\n\r\n<p>Nguồn: Twitter</p>\r\n\r\n<p>Nếu như Note 10 được h&atilde;ng thiết kế với m&agrave;n h&igrave;nh cong vu&ocirc;ng vức, g&oacute;c cạnh th&igrave; c&oacute; vẻ như Note 20 lại được h&atilde;ng tinh tế hơn với trang bị m&agrave;n h&igrave;nh phẳng hơi bo cong đầy gợi cảm c&ugrave;ng thiết kế viền cạnh hẹp v&agrave; c&acirc;n đối ở cả 4 cạnh. Được biết cả hai đều c&oacute; độ ph&acirc;n giải m&agrave;n h&igrave;nh Full HD, c&ugrave;ng trang bị tốc độ l&agrave;m tươi l&ecirc;n đến 60Hz.</p>\r\n\r\n<p>Như c&aacute;c bạn cũng thấy, khi đặt cạnh nhau thiết kế của Note 20 c&oacute; vẻ d&agrave;i hơn Note 10 1cm. Lỗ kho&eacute;t d&agrave;nh cho camera selfie của Note 20 cũng được l&agrave;m nhỏ lại so với d&ograve;ng Note 10 trước đ&oacute;.</p>\r\n\r\n<p>Đồng thời để &yacute; kỹ m&agrave; xem, so với Note 10 th&igrave; thiết kế bộ đ&ocirc;i n&uacute;t &acirc;m lượng v&agrave; nguồn của Note 20 đ&atilde; được h&atilde;ng di chuyển về ph&iacute;a b&ecirc;n phải, tr&aacute;i ngược ho&agrave;n to&agrave;n với phi&ecirc;n bản người anh em trước đ&oacute; của n&oacute;.</p>\r\n\r\n<p>C&oacute; thể n&oacute;i đối với mỗi phi&ecirc;n bản sẽ c&oacute; một điểm đặc biệt ri&ecirc;ng của n&oacute;, nếu như Note 10 với thiết kế đầy mạnh mẽ v&agrave; g&oacute;c cạnh th&igrave; đến với Note 20 lại cho ta thấy đường n&eacute;t sắc sảo, đầy tinh tế m&agrave; d&ograve;ng smartphone n&agrave;y mang lại.</p>\r\n\r\n<p>C&ograve;n bạn, bạn lựa chọn cho m&igrave;nh phong c&aacute;ch n&agrave;o? Note 20 hay Note 10? Đừng qu&ecirc;n để lại b&igrave;nh luận của m&igrave;nh ở ph&iacute;a b&ecirc;n dưới nh&eacute;!</p>\r\n', 'Admin', '14/07/2023', 'Sau khi tiết lộ cấu hình render của chiếc smartphone Galaxy Note 20, thì mới đây leaker Ice Universe lại tung ra một bức ảnh đặt lên bàn cân so sánh giữa hai phiên bản Note 20 và Note 10. ', 'public/uploads/blog08.png'),
(22, 'OPPO A12s vừa lặng lẽ ra mắt với thiết kế quen thuộc, cấu hình khá ổn, pin trâu, giá rẻ chỉ khoảng 3 triệu đồng', '<p><img alt=\"OPPO A12\" data-original=\"https://cdn.tgdd.vn/Files/2020/07/14/1270659/4_800x450.jpg\" src=\"https://cdn.tgdd.vn/Files/2020/07/14/1270659/4_800x450.jpg\" title=\"OPPO A12\" /></p>\r\n\r\n<h2>Mới đ&acirc;y,&nbsp;<a href=\"https://www.thegioididong.com/dtdd-oppo\" target=\"_blank\" title=\"Điện thoại OPPO giá rẻ\" type=\"Điện thoại OPPO giá rẻ\">OPPO</a>&nbsp;đ&atilde; lặng lẽ ra mắt một chiếc&nbsp;<a href=\"https://www.thegioididong.com/dtdd\" target=\"_blank\" title=\"Điện thoại thông minh giá rẻ\" type=\"Điện thoại thông minh giá rẻ\">điện thoại</a>&nbsp;gi&aacute; rẻ mới của h&atilde;ng c&oacute; t&ecirc;n gọi l&agrave;&nbsp;<a href=\"http://https//www.thegioididong.com/dtdd/oppo-a12s\" target=\"_blank\" title=\"OPPO A12s\" type=\"OPPO A12s\">OPPO A12s</a>&nbsp;ở Campuchia. Tuy nhi&ecirc;n, đ&acirc;y kh&ocirc;ng phải l&agrave; d&ograve;ng sản phẩm mới ho&agrave;n to&agrave;n khi n&oacute; sở hữu&nbsp;th&ocirc;ng số kỹ thuật v&agrave; t&iacute;nh năng gần như giống hệt&nbsp;<a href=\"https://www.thegioididong.com/dtdd/oppo-a12-4gb\" target=\"_blank\" title=\"OPPO A12\" type=\"OPPO A12\">OPPO A12</a>.</h2>\r\n\r\n<p>D&ograve;ng OPPO A12s n&agrave;y c&oacute; thể được xem l&agrave; phi&ecirc;n bản sao ch&eacute;p của OPPO A12, ngoại trừ&nbsp;2 phi&ecirc;n bản m&agrave;u sắc mới l&agrave; Light Blue v&agrave; Light Silver.</p>\r\n\r\n<p><img alt=\"OPPO A12\" data-original=\"https://cdn.tgdd.vn/Files/2020/07/14/1270659/3_600x600.jpg\" src=\"https://cdn.tgdd.vn/Files/2020/07/14/1270659/3_600x600.jpg\" title=\"OPPO A12\" /></p>\r\n\r\n<p>Ảnh minh hoạ</p>\r\n\r\n<p><img alt=\"OPPO A12S tại Campuchia\" data-original=\"https://cdn.tgdd.vn/Files/2020/07/14/1270659/1_600x600.jpg\" src=\"https://cdn.tgdd.vn/Files/2020/07/14/1270659/1_600x600.jpg\" title=\"OPPO A12S tại Campuchia\" /></p>\r\n\r\n<p>Phi&ecirc;n bản điện thoại OPPO A12s tại Campuchia. Nguồn: Playfuldroid</p>\r\n\r\n<p>Được biết, OPPO A12s được trang bị m&agrave;n h&igrave;nh LCD c&oacute; k&iacute;ch thước 6.22 inch, hỗ trợ độ ph&acirc;n giải HD+. Viền điện thoại mỏng cho ph&eacute;p thiết bị đạt tỷ lệ m&agrave;n h&igrave;nh so với th&acirc;n m&aacute;y l&agrave; 88.3%.</p>\r\n\r\n<p>Chiếc điện thoại sở hữu camera selfie 5 MP c&ugrave;ng d&agrave;n camera k&eacute;p ph&iacute;a sau, gồm cảm biến ch&iacute;nh 13 MP v&agrave; cảm biến 2 MP l&agrave;m nhiệm vụ đo chiều s&acirc;u khi chụp ảnh ch&acirc;n dung.</p>\r\n\r\n<p>Sức mạnh xử l&yacute; của điện thoại n&agrave;y được cung cấp bởi con chip MediaTek Helio P35 t&aacute;m l&otilde;i, đi k&egrave;m dung lượng RAM 3 GB, bộ nhớ trong 32 GB v&agrave; người d&ugrave;ng c&oacute; thể mở rộng dung lượng lưu trữ th&ocirc;ng qua thẻ nhớ microSD.</p>\r\n\r\n<p>M&aacute;y c&oacute; dung lượng pin 4.230 mAh, c&oacute; thể hỗ trợ người d&ugrave;ng sử dụng thời gian kh&aacute; d&agrave;i. Ngo&agrave;i ra, điện thoại hoạt động tr&ecirc;n nền tảng ColorOS 6.1 dựa tr&ecirc;n hệ điều h&agrave;nh Android 9 Pie.</p>\r\n\r\n<p>Điện thoại n&agrave;y được b&aacute;n v&oacute;i mức gi&aacute; l&agrave; 129 USD (khoảng 3 triệu đồng) tại Campuchia.</p>\r\n\r\n<p>C&aacute;c bạn thấy mẫu OPPO A12s n&agrave;y thế n&agrave;o?</p>\r\n', 'Admin', '14/07/2023', 'Mới đây, OPPO đã lặng lẽ ra mắt một chiếc điện thoại giá rẻ mới của hãng có tên gọi là OPPO A12s ở Campuchia. Tuy nhiên, đây không phải là dòng sản phẩm mới hoàn toàn khi nó sở hữu thông số kỹ thuật và tính năng gần như giống hệt OPPO A12.', 'public/uploads/blog09.jpg'),
(23, 'OPPO A72 5G với thiết kế trẻ trung cuốn hút vừa lộ cấu hình chi tiết và giá bán từ 5.6 triệu đồng', '<p><img alt=\"OPPO A72 5G với thiết kế trẻ trung cuốn hút vừa lộ cấu hình chi tiết và giá bán từ 5.6 triệu đồng\" data-original=\"https://cdn.tgdd.vn/Files/2020/07/14/1270670/fa_1270x714-800-resize.jpg\" src=\"https://cdn.tgdd.vn/Files/2020/07/14/1270670/fa_1270x714-800-resize.jpg\" title=\"OPPO A72 5G với thiết kế trẻ trung cuốn hút vừa lộ cấu hình chi tiết và giá bán từ 5.6 triệu đồng\" /></p>\r\n\r\n<h2><a href=\"https://www.thegioididong.com/dtdd-oppo\" target=\"_blank\" title=\"OPPO\">OPPO</a>&nbsp;được cho l&agrave; đang chế tạo 1&nbsp;<a href=\"https://www.thegioididong.com/dtdd\" title=\"smartphone\">smartphone</a>&nbsp;tầm trung hỗ trợ 5G mới, n&oacute; c&oacute; t&ecirc;n gọi l&agrave; OPPO A72 5G. C&aacute;ch đ&acirc;y v&agrave;i tuần,&nbsp;<a href=\"https://www.thegioididong.com/dtdd/oppo-a72-5g\" target=\"_blank\" title=\"A72 5G\">OPPO A72 5G</a>&nbsp;đ&atilde; đạt chứng nhận tại TENAA v&agrave; b&acirc;y giờ, smartphone n&agrave;y đ&atilde; c&oacute; mặt tr&ecirc;n trang web của nh&agrave; mạng China Telecom, tiết lộ cấu h&igrave;nh c&ugrave;ng gi&aacute; b&aacute;n của m&aacute;y.</h2>\r\n\r\n<p>C&aacute;c h&igrave;nh ảnh cho thấy OPPO A72 5G sẽ c&oacute; 1 camera selfie 8 MP nằm ở lỗ kho&eacute;t nhỏ ở g&oacute;c tr&ecirc;n b&ecirc;n tr&aacute;i m&agrave;n h&igrave;nh. M&agrave;n h&igrave;nh của m&aacute;y c&oacute; k&iacute;ch thước 6.5 inch. Mặt sau l&agrave; cụm 3 camera h&igrave;nh vu&ocirc;ng, bao gồm c&aacute;c cảm biến 16 MP + 8 MP + 2 MP. Ph&iacute;a cạnh dưới của m&aacute;y c&oacute; cổng USB-C, lưới loa, micro v&agrave; cổng cắm tai nghe 3.5 mm.</p>\r\n\r\n<p><img alt=\"OPPO A72 5G với thiết kế trẻ trung cuốn hút vừa lộ cấu hình chi tiết và giá bán từ 5.6 triệu đồng\" data-original=\"https://cdn.tgdd.vn/Files/2020/07/14/1270670/2_1200x675-800-resize.jpg\" src=\"https://cdn.tgdd.vn/Files/2020/07/14/1270670/2_1200x675-800-resize.jpg\" title=\"OPPO A72 5G với thiết kế trẻ trung cuốn hút vừa lộ cấu hình chi tiết và giá bán từ 5.6 triệu đồng\" /></p>\r\n\r\n<p>Về mặt phần mềm, OPPO A72 5G sẽ xuất xưởng với hệ điều h&agrave;nh Android 10, giao diện ColorOS 7. Thiết bị sẽ d&ugrave;ng chip MediaTek 8 nh&acirc;n tốc độ 2.0 GHz, nhưng chưa r&otilde; l&agrave; chip n&agrave;o. Gi&aacute; b&aacute;n cụ thể c&aacute;c phi&ecirc;n bản bộ nhớ như sau:</p>\r\n\r\n<ul>\r\n	<li>Bản RAM 8 GB + ROM 128 GB c&oacute; gi&aacute; 1.999 Yuan (khoảng 6.6 triệu đồng).</li>\r\n	<li>Bản RAM 6 GB + ROM 128 GB c&oacute; gi&aacute; 1.799 Yuan (khoảng 5.9 triệu đồng).</li>\r\n	<li>Bản RAM 4 GB + ROM 128 GB c&oacute; gi&aacute; 1.699 Yuan (khoảng 5.6 triệu đồng).</li>\r\n</ul>\r\n\r\n<p><img alt=\"OPPO A72 5G với thiết kế trẻ trung cuốn hút vừa lộ cấu hình chi tiết và giá bán từ 5.6 triệu đồng\" data-original=\"https://cdn.tgdd.vn/Files/2020/07/14/1270670/3_600x500.jpg\" src=\"https://cdn.tgdd.vn/Files/2020/07/14/1270670/3_600x500.jpg\" title=\"OPPO A72 5G với thiết kế trẻ trung cuốn hút vừa lộ cấu hình chi tiết và giá bán từ 5.6 triệu đồng\" /></p>\r\n\r\n<p>Rất nhiều th&ocirc;ng tin về OPPO A72 5G đ&atilde; xuất hiện, nhưng ng&agrave;y tr&igrave;nh l&agrave;ng cụ thể vẫn chưa được x&aacute;c nhận.</p>\r\n\r\n<p>Bạn thấy gi&aacute; b&aacute;n, thiết kế v&agrave; cấu h&igrave;nh của OPPO A72 5G thế n&agrave;o?</p>\r\n', 'Admin', '14/07/2020', 'OPPO được cho là đang chế tạo 1 smartphone tầm trung hỗ trợ 5G mới, nó có tên gọi là OPPO A72 5G. Cách đây vài tuần, OPPO A72 5G đã đạt chứng nhận tại TENAA và bây giờ, smartphone này đã có mặt trên trang web của nhà mạng China Telecom, tiết lộ cấu hình cùng giá bán của máy.', 'public/uploads/blog10.jpg');


-- --------------------------------------------------------

--
-- Table structure for table `tbl_brand`
--

CREATE TABLE `tbl_brand` (
  `id` int(11) NOT NULL,
  `name` varchar(255) NOT NULL,
  `code` varchar(255) NOT NULL,
  `image` varchar(255) NOT NULL,
  `description` text NOT NULL,
  `create_date` varchar(255) NOT NULL,
  `user` varchar(255) NOT NULL
) ENGINE=InnoDB DEFAULT CHARSET=utf8mb4 COLLATE=utf8mb4_general_ci;

--
-- Dumping data for table `tbl_brand`
--

INSERT INTO `tbl_brand` (`id`, `name`, `code`, `image`, `description`, `create_date`, `user`) VALUES
(1, 'Sam Sung', '###   SamSung   ###', 'public/uploads/samsung.png', '<p><b>Tập đo&agrave;n Samsung</b>&nbsp;(<a href=\"https://vi.wikipedia.org/wiki/Ti%E1%BA%BFng_Tri%E1%BB%81u_Ti%C3%AAn\" title=\"Tiếng Triều Tiên\">tiếng H&agrave;n</a>: 삼성,&nbsp;<a href=\"https://vi.wikipedia.org/wiki/Romaja_qu%E1%BB%91c_ng%E1%BB%AF\" title=\"Romaja quốc ngữ\">Romaja</a>: &quot;Samseong&quot;,&nbsp;<a href=\"https://vi.wikipedia.org/wiki/Phi%C3%AAn_%C3%A2m_qu%E1%BB%91c_t%E1%BA%BF\" title=\"Phiên âm quốc tế\">phi&ecirc;n &acirc;m chuẩn</a>: &quot;Xam-x&acirc;ng&quot;,&nbsp;<a href=\"https://vi.wikipedia.org/wiki/Hanja\" title=\"Hanja\">Hanja</a>: 三星;&nbsp;<a href=\"https://vi.wikipedia.org/wiki/Phi%C3%AAn_%C3%A2m_H%C3%A1n-Vi%E1%BB%87t\" title=\"Phiên âm Hán-Việt\">phi&ecirc;n &acirc;m H&aacute;n-Việt</a>: &quot;<a href=\"https://vi.wikipedia.org/wiki/Sao\" title=\"Sao\">Tam Tinh</a>&quot; &ndash; c&oacute; nghĩa l&agrave; &quot;<a href=\"https://vi.wikipedia.org/wiki/3_(s%E1%BB%91)\" title=\"3 (số)\">3</a>&nbsp;<a href=\"https://vi.wikipedia.org/wiki/Sao\" title=\"Sao\">ng&ocirc;i sao</a>&quot;) &ndash; l&agrave; một&nbsp;<a href=\"https://vi.wikipedia.org/wiki/T%E1%BA%ADp_%C4%91o%C3%A0n_%C4%91a_qu%E1%BB%91c_gia\" title=\"Tập đoàn đa quốc gia\">tập đo&agrave;n đa quốc gia</a>&nbsp;khổng lồ của&nbsp;<a href=\"https://vi.wikipedia.org/wiki/H%C3%A0n_Qu%E1%BB%91c\" title=\"Hàn Quốc\">H&agrave;n Quốc</a>&nbsp;c&oacute;&nbsp;<a href=\"https://vi.wikipedia.org/wiki/V%C4%83n_ph%C3%B2ng\" title=\"Văn phòng\">tổng h&agrave;nh dinh</a>&nbsp;được đặt tại khu phức hợp&nbsp;<a href=\"https://vi.wikipedia.org/wiki/Samsung_Town\" title=\"Samsung Town\">Samsung Town</a>,&nbsp;<a href=\"https://vi.wikipedia.org/wiki/Qu%E1%BA%ADn\" title=\"Quận\">quận</a>&nbsp;<a href=\"https://vi.wikipedia.org/wiki/Seocho-gu\" title=\"Seocho-gu\">Seocho-gu</a>,&nbsp;<a href=\"https://vi.wikipedia.org/wiki/Th%C3%A0nh_ph%E1%BB%91\" title=\"Thành phố\">th&agrave;nh phố</a>&nbsp;<a href=\"https://vi.wikipedia.org/wiki/Seoul\" title=\"Seoul\">Seoul</a>.&nbsp;<a href=\"https://vi.wikipedia.org/wiki/T%E1%BA%ADp_%C4%91o%C3%A0n\" title=\"Tập đoàn\">Tập đo&agrave;n</a>&nbsp;n&agrave;y hiện sở hữu rất nhiều&nbsp;<a href=\"https://vi.wikipedia.org/wiki/C%C3%B4ng_ty_l%C3%A9p_v%E1%BB%91n\" title=\"Công ty lép vốn\">c&ocirc;ng ty con</a>,&nbsp;<a href=\"https://vi.wikipedia.org/wiki/H%E1%BB%87_th%E1%BB%91ng\" title=\"Hệ thống\">chuỗi hệ thống</a>&nbsp;<a href=\"https://vi.wikipedia.org/wiki/B%C3%A1n_h%C3%A0ng\" title=\"Bán hàng\">b&aacute;n h&agrave;ng</a>&nbsp;c&ugrave;ng c&aacute;c&nbsp;<a href=\"https://vi.wikipedia.org/wiki/V%C4%83n_ph%C3%B2ng\" title=\"Văn phòng\">văn ph&ograve;ng đại diện</a>&nbsp;tr&ecirc;n phạm vi&nbsp;<a href=\"https://vi.wikipedia.org/wiki/Tr%C3%A1i_%C4%90%E1%BA%A5t\" title=\"Trái Đất\">to&agrave;n cầu</a>, hầu hết đều đang hoạt động dưới&nbsp;<a href=\"https://vi.wikipedia.org/wiki/Nh%C3%A3n_hi%E1%BB%87u\" title=\"Nhãn hiệu\">t&ecirc;n</a>&nbsp;<a href=\"https://vi.wikipedia.org/wiki/Th%C6%B0%C6%A1ng_hi%E1%BB%87u\" title=\"Thương hiệu\">thương hiệu</a>&nbsp;Samsung, đ&acirc;y l&agrave;&nbsp;<a href=\"https://vi.wikipedia.org/wiki/T%E1%BA%ADp_%C4%91o%C3%A0n\" title=\"Tập đoàn\">tập đo&agrave;n</a>&nbsp;<a href=\"https://vi.wikipedia.org/wiki/Chaebol\" title=\"Chaebol\">T&agrave;i phiệt</a>&nbsp;<a href=\"https://vi.wikipedia.org/wiki/%C4%90a_ng%C3%A0nh\" title=\"Đa ngành\">đa ng&agrave;nh</a>&nbsp;(<a href=\"https://vi.wikipedia.org/wiki/Chaebol\" title=\"Chaebol\">Chaebol</a>) c&oacute; quy m&ocirc; v&agrave; tầm ảnh hưởng đến&nbsp;<a href=\"https://vi.wikipedia.org/wiki/Kinh_t%E1%BA%BF_H%C3%A0n_Qu%E1%BB%91c\" title=\"Kinh tế Hàn Quốc\">nền kinh tế</a>&nbsp;lớn nhất tại&nbsp;<a href=\"https://vi.wikipedia.org/wiki/H%C3%A0n_Qu%E1%BB%91c\" title=\"Hàn Quốc\">H&agrave;n Quốc</a>&nbsp;n&oacute;i ri&ecirc;ng v&agrave; đồng thời cũng l&agrave; một trong những&nbsp;<a href=\"https://vi.wikipedia.org/wiki/Th%C6%B0%C6%A1ng_hi%E1%BB%87u\" title=\"Thương hiệu\">thương hiệu</a>&nbsp;<a href=\"https://vi.wikipedia.org/wiki/C%C3%B4ng_ngh%E1%BB%87\" title=\"Công nghệ\">c&ocirc;ng nghệ</a>&nbsp;đắt gi&aacute; bậc nhất tr&ecirc;n&nbsp;<a href=\"https://vi.wikipedia.org/wiki/Th%E1%BA%BF_gi%E1%BB%9Bi\" title=\"Thế giới\">thế giới</a>&nbsp;hiện nay</p>\r\n', '13/07/2023', 'Admin'),
(2, 'Apple', '###   Apple   ###', 'public/uploads/apple.png', '<p><b>Apple Inc.</b>&nbsp;l&agrave; một tập đo&agrave;n c&ocirc;ng nghệ của&nbsp;<a href=\"https://vi.wikipedia.org/wiki/Hoa_K%E1%BB%B3\" title=\"Hoa Kỳ\">Mỹ</a>&nbsp;c&oacute; trụ sở ch&iacute;nh đặt tại&nbsp;<a href=\"https://vi.wikipedia.org/wiki/Cupertino,_California\" title=\"Cupertino, California\">Cupertino, California</a>. Apple được th&agrave;nh lập ng&agrave;y&nbsp;<a href=\"https://vi.wikipedia.org/wiki/1_th%C3%A1ng_4\" title=\"1 tháng 4\">1 th&aacute;ng 4</a>&nbsp;năm&nbsp;<a href=\"https://vi.wikipedia.org/wiki/1976\" title=\"1976\">1976</a>&nbsp;dưới t&ecirc;n&nbsp;<b>Apple Computer, Inc.</b>, v&agrave; đổi t&ecirc;n th&agrave;nh&nbsp;<b>Apple Inc.</b>&nbsp;v&agrave;o đầu năm&nbsp;<a href=\"https://vi.wikipedia.org/wiki/2007\" title=\"2007\">2007</a>. Với lượng sản phẩm b&aacute;n ra to&agrave;n cầu h&agrave;ng năm l&agrave; 13,9 tỷ&nbsp;<a href=\"https://vi.wikipedia.org/wiki/%C4%90%C3%B4_la_M%E1%BB%B9\" title=\"Đô la Mỹ\">đ&ocirc; la Mỹ</a>&nbsp;(<a href=\"https://vi.wikipedia.org/wiki/2005\" title=\"2005\">2005</a>), 74 triệu thiết bị iPhone được b&aacute;n ra&nbsp;<b>chỉ trong một qu&yacute; 4</b>&nbsp;năm 2014 v&agrave; c&oacute; hơn 98.000 nh&acirc;n vi&ecirc;n ở nhiều quốc gia, sản phẩm l&agrave;&nbsp;<a href=\"https://vi.wikipedia.org/wiki/M%C3%A1y_t%C3%ADnh_c%C3%A1_nh%C3%A2n\" title=\"Máy tính cá nhân\">m&aacute;y t&iacute;nh c&aacute; nh&acirc;n</a>, phần mềm, phần cứng, thiết bị nghe nhạc v&agrave; nhiều thiết bị đa phương tiện kh&aacute;c. Sản phẩm nổi tiếng nhất l&agrave; m&aacute;y t&iacute;nh&nbsp;<a href=\"https://vi.wikipedia.org/wiki/Apple_Macintosh\" title=\"Apple Macintosh\">Apple Macintosh</a>, m&aacute;y nghe nhạc&nbsp;<a href=\"https://vi.wikipedia.org/wiki/IPod\" title=\"IPod\">iPod</a>&nbsp;(2001), chương tr&igrave;nh nghe nhạc&nbsp;<a href=\"https://vi.wikipedia.org/wiki/ITunes\" title=\"ITunes\">iTunes</a>,&nbsp;<a href=\"https://vi.wikipedia.org/wiki/IPhone\" title=\"IPhone\">điện thoại iPhone</a>&nbsp;(2007),&nbsp;<a href=\"https://vi.wikipedia.org/wiki/IPad\" title=\"IPad\">m&aacute;y t&iacute;nh bảng iPad</a>&nbsp;(2010) v&agrave;&nbsp;<a href=\"https://vi.wikipedia.org/wiki/Apple_Watch\" title=\"Apple Watch\">đồng hồ th&ocirc;ng minh Apple Watch</a>&nbsp;(<a href=\"https://vi.wikipedia.org/wiki/2014\" title=\"2014\">2014</a>) hoạt động tr&ecirc;n nhiều&nbsp;<a href=\"https://vi.wikipedia.org/wiki/Qu%E1%BB%91c_gia\" title=\"Quốc gia\">quốc gia</a>&nbsp;tr&ecirc;n&nbsp;<a href=\"https://vi.wikipedia.org/wiki/Th%E1%BA%BF_gi%E1%BB%9Bi\" title=\"Thế giới\">thế giới</a>.</p>\r\n', '13/07/2023', 'Admin'),
(3, 'Sony', '###   Sony   ###', 'public/uploads/sony.jpg', '<p>Sony l&agrave; một trong những thương hiệu to&agrave;n cầu nổi tiếng nhất về điện tử ti&ecirc;u d&ugrave;ng nhờ v&agrave;o những s&aacute;ng tạo đột ph&aacute; mang t&iacute;nh c&aacute;ch mạng v&agrave; chất lượng sản phẩm. Th&agrave;nh c&ocirc;ng của Sony tại thị trường Việt Nam l&agrave; bởi thương hiệu Sony lu&ocirc;n thể hiện được bản sắc ri&ecirc;ng một c&aacute;ch mạnh mẽ v&agrave; ấn tượng, kết hợp giữa chất lượng sản phẩm-c&ocirc;ng nghệ h&agrave;ng đầu-kiểu d&aacute;ng thiết kế độc đ&aacute;o v&agrave; c&aacute;ch x&acirc;y dựng thương hiệu s&aacute;ng tạo-t&ocirc;n trọng văn h&oacute;a bản địa tiếp tục n&acirc;ng cao tinh thần s&aacute;ng tạo của m&igrave;nh để lu&ocirc;n tạo ra sản phẩm chất lượng cho người d&ugrave;ng.</p>\r\n', '13/07/2023', 'Admin'),
(4, 'Nokia', '###   Nokia   ###', 'public/uploads/nokia.png', '<p><b>Nokia Corporation</b>&nbsp;(pronunciation&nbsp;<a href=\"https://vi.wikipedia.org/w/index.php?title=Tr%E1%BB%A3_gi%C3%BAp:Pronunciation&amp;action=edit&amp;redlink=1\" title=\"Trợ giúp:Pronunciation (trang chưa được viết)\">/&#39;nɔkiɑ/</a>) (<a href=\"https://vi.wikipedia.org/w/index.php?title=Nasdaq_Nordic&amp;action=edit&amp;redlink=1\" title=\"Nasdaq Nordic (trang chưa được viết)\">Nasdaq Helsinki</a>:&nbsp;<a href=\"http://www.nasdaqomxnordic.com/aktier/microsite?languageId=1&amp;Instrument=HEX24311\" rel=\"nofollow\">NOK1V</a>,&nbsp;<a href=\"https://vi.wikipedia.org/wiki/S%E1%BB%9F_giao_d%E1%BB%8Bch_ch%E1%BB%A9ng_kho%C3%A1n_New_York\" title=\"Sở giao dịch chứng khoán New York\">NYSE</a>:&nbsp;<a href=\"https://www.nyse.com/quote/XNYS:NOK\" rel=\"nofollow\">NOK</a>,&nbsp;<a href=\"https://vi.wikipedia.org/w/index.php?title=S%C3%A0n_giao_d%E1%BB%8Bch_ch%E1%BB%A9ng_kho%C3%A1n_Frankfurt&amp;action=edit&amp;redlink=1\" title=\"Sàn giao dịch chứng khoán Frankfurt (trang chưa được viết)\">FWB</a>:&nbsp;<a href=\"http://deutsche-boerse.com/dbag/dispatch/en/isg/gdb_navigation/home/Content_Files/20_overview_pages/cp_sp_overview_xetra.htm?action=ISGFormProcessingAction&amp;eventSubmit_doSimplestocksearch=true&amp;wp=NOA3&amp;x=0&amp;y=0\" rel=\"nofollow\">NOA3</a>) l&agrave; một tập đo&agrave;n đa quốc gia c&oacute; trụ sở tại&nbsp;<a href=\"https://vi.wikipedia.org/w/index.php?title=Keilaniemi&amp;action=edit&amp;redlink=1\" title=\"Keilaniemi (trang chưa được viết)\">Keilaniemi</a>,&nbsp;<a href=\"https://vi.wikipedia.org/wiki/Espoo\" title=\"Espoo\">Espoo</a>, một&nbsp;<a href=\"https://vi.wikipedia.org/wiki/Th%C3%A0nh_ph%E1%BB%91\" title=\"Thành phố\">th&agrave;nh phố</a>&nbsp;l&aacute;ng giềng của thủ đ&ocirc;&nbsp;<a href=\"https://vi.wikipedia.org/wiki/Helsinki\" title=\"Helsinki\">Helsinki</a>,&nbsp;<a href=\"https://vi.wikipedia.org/wiki/Ph%E1%BA%A7n_Lan\" title=\"Phần Lan\">Phần Lan</a>. Nokia tập trung v&agrave;o c&aacute;c sản phẩm viễn th&ocirc;ng kh&ocirc;ng d&acirc;y v&agrave; cố định, với 129.746 nh&acirc;n vi&ecirc;n l&agrave;m việc ở 120&nbsp;<a href=\"https://vi.wikipedia.org/wiki/Qu%E1%BB%91c_gia\" title=\"Quốc gia\">quốc gia</a>, b&aacute;n sản phẩm ở hơn 150 quốc gia tr&ecirc;n to&agrave;n cầu v&agrave; đạt doanh số 41 tỷ&nbsp;<a href=\"https://vi.wikipedia.org/wiki/Euro\" title=\"Euro\">euro</a>&nbsp;với lợi tức 1,2 tỷ năm 2009.<sup id=\"cite_ref-AR2009_3-0\"><a href=\"https://vi.wikipedia.org/wiki/Nokia#cite_note-AR2009-3\">[3]</a></sup><sup id=\"cite_ref-Nokia_in_brief_4-0\"><a href=\"https://vi.wikipedia.org/wiki/Nokia#cite_note-Nokia_in_brief-4\">[4]</a></sup>&nbsp;Đ&acirc;y l&agrave; nh&agrave; sản xuất&nbsp;<a href=\"https://vi.wikipedia.org/wiki/%C4%90i%E1%BB%87n_tho%E1%BA%A1i_di_%C4%91%E1%BB%99ng\" title=\"Điện thoại di động\">điện thoại di động</a>&nbsp;lớn nhất thế giới với thị phần to&agrave;n cầu sản phẩm n&agrave;y chiếm khoảng 40% trong qu&yacute; 2 năm 2008, tăng so với mức 38% qu&yacute; 2 năm 2007 v&agrave; tăng từ tỷ lệ 39% li&ecirc;n tục.<sup id=\"cite_ref-Quarter_5-0\"><a href=\"https://vi.wikipedia.org/wiki/Nokia#cite_note-Quarter-5\">[5]</a></sup></p>\r\n\r\n<p>Ng&agrave;y&nbsp;<a href=\"https://vi.wikipedia.org/wiki/3_th%C3%A1ng_9\" title=\"3 tháng 9\">3 th&aacute;ng 9</a>&nbsp;năm&nbsp;<a href=\"https://vi.wikipedia.org/wiki/2013\" title=\"2013\">2013</a>, Nokia c&ocirc;ng bố sẽ b&aacute;n lại bộ phận Thiết bị v&agrave; Dịch vụ cho&nbsp;<a href=\"https://vi.wikipedia.org/wiki/Microsoft\" title=\"Microsoft\">Microsoft</a>&nbsp;với gi&aacute; 5,4 tỷ Euro (7.17 tỷ USD).<sup id=\"cite_ref-6\"><a href=\"https://vi.wikipedia.org/wiki/Nokia#cite_note-6\">[6]</a></sup><sup id=\"cite_ref-verge-msnokia_7-0\"><a href=\"https://vi.wikipedia.org/wiki/Nokia#cite_note-verge-msnokia-7\">[7]</a></sup><sup id=\"cite_ref-mswsj-noki_8-0\"><a href=\"https://vi.wikipedia.org/wiki/Nokia#cite_note-mswsj-noki-8\">[8]</a></sup>&nbsp;Ng&agrave;y&nbsp;<a href=\"https://vi.wikipedia.org/wiki/4_th%C3%A1ng_12\" title=\"4 tháng 12\">4 th&aacute;ng 12</a>&nbsp;năm&nbsp;<a href=\"https://vi.wikipedia.org/wiki/2013\" title=\"2013\">2013</a>,&nbsp;<a href=\"https://vi.wikipedia.org/wiki/Li%C3%AAn_minh_ch%C3%A2u_%C3%82u\" title=\"Liên minh châu Âu\">Li&ecirc;n minh ch&acirc;u &Acirc;u</a>&nbsp;đ&atilde; ch&iacute;nh thức k&yacute; v&agrave;o bản chấp thuận thương vụ mua lại n&agrave;y của Microsoft. Sau khi đồng &yacute; b&aacute;n Nokia về Microsoft,&nbsp;<a href=\"https://vi.wikipedia.org/w/index.php?title=CEO_Stephen_Elop&amp;action=edit&amp;redlink=1\" title=\"CEO Stephen Elop (trang chưa được viết)\">CEO Stephen Elop</a>&nbsp;của Nokia đ&atilde; nộp đơn từ chức v&agrave; quay trở lại l&agrave;m việc cho&nbsp;<a href=\"https://vi.wikipedia.org/wiki/Microsoft\" title=\"Microsoft\">Microsoft</a>&nbsp;với nhiệm vụ dẫn đắt bộ phận thiết bị di động<sup id=\"cite_ref-Dân_trí_9-0\"><a href=\"https://vi.wikipedia.org/wiki/Nokia#cite_note-D%C3%A2n_tr%C3%AD-9\">[9]</a></sup>. Ng&agrave;y&nbsp;<a href=\"https://vi.wikipedia.org/wiki/25_th%C3%A1ng_4\" title=\"25 tháng 4\">25 th&aacute;ng 4</a>&nbsp;năm&nbsp;<a href=\"https://vi.wikipedia.org/wiki/2014\" title=\"2014\">2014</a>, Nokia tuy&ecirc;n bố ch&iacute;nh thức ho&agrave;n tất thương vụ b&aacute;n bộ phận sản xuất thiết bị cầm tay cho&nbsp;<a href=\"https://vi.wikipedia.org/wiki/Microsoft\" title=\"Microsoft\">Microsoft</a>. Tuy nhi&ecirc;n 2 nh&agrave; m&aacute;y tại&nbsp;<a href=\"https://vi.wikipedia.org/wiki/%E1%BA%A4n_%C4%90%E1%BB%99\" title=\"Ấn Độ\">Ấn Độ</a>&nbsp;v&agrave;&nbsp;<a href=\"https://vi.wikipedia.org/wiki/H%C3%A0n_Qu%E1%BB%91c\" title=\"Hàn Quốc\">H&agrave;n Quốc</a>&nbsp;sẽ nằm ngo&agrave;i thỏa thuận n&agrave;y. Ngo&agrave;i ra do một &quot;kh&uacute;c mắc trong vấn đề thuế&quot; với ch&iacute;nh quyền&nbsp;<a href=\"https://vi.wikipedia.org/wiki/%E1%BA%A4n_%C4%90%E1%BB%99\" title=\"Ấn Độ\">Ấn Độ</a>, Nokia sẽ vận h&agrave;nh nh&agrave; m&aacute;y sản xuất Chennai tại đ&acirc;y l&agrave; như một đơn vị sản xuất hợp đồng cho&nbsp;<a href=\"https://vi.wikipedia.org/wiki/Microsoft\" title=\"Microsoft\">Microsoft</a>. B&ecirc;n cạnh đ&oacute; nh&agrave; sản xuất điện thoại Phần Lan sẽ đ&oacute;ng cửa một nh&agrave; m&aacute;y với 200 nh&acirc;n c&ocirc;ng ở Masan,&nbsp;<a href=\"https://vi.wikipedia.org/wiki/H%C3%A0n_Qu%E1%BB%91c\" title=\"Hàn Quốc\">H&agrave;n Quốc</a><sup id=\"cite_ref-10\"><a href=\"https://vi.wikipedia.org/wiki/Nokia#cite_note-10\">[10]</a></sup>.</p>\r\n', '13/07/2023', 'Admin'),
(5, 'Dell', '### Dell ###', 'public/uploads/dell.png', '<p><strong>Logo Dell</strong>&nbsp;trải qua hơn 30 năm h&agrave;nh th&agrave;nh, x&acirc;y dựng v&agrave; ph&aacute;t triển đến ng&agrave;y h&ocirc;m nay vẫn giữ biểu tượng logo quen thuộc c&ugrave;ng d&ograve;ng chữ Dell được thiết kế chữ &ldquo;E&rdquo; c&aacute;ch điệu, tạo th&agrave;nh một kiểu chữ xoay nghi&ecirc;ng kh&aacute;c biệt so với c&aacute;c chữ c&ograve;n lại. Giải th&iacute;ch cho&nbsp;<strong>&yacute; nghĩa logo Dell</strong>&nbsp;n&agrave;y, đội ngũ thiết kế cho biết h&atilde;ng muốn thể hiện sự đột ph&aacute;, thể hiện tham vọng muốn thay đổi ng&agrave;nh c&ocirc;ng nghệ m&aacute;y t&iacute;nh của to&agrave;n thế giới bằng ch&iacute;nh những sản phẩm do h&atilde;ng Dell nghi&ecirc;n cứu v&agrave; sản xuất. Kh&ocirc;ng những vậy, thiết kế chữ &ldquo;E&rdquo; độc đ&aacute;o n&agrave;y c&ograve;n, cha đẻ của h&atilde;ng Dell cho biết đ&oacute; l&agrave; ấn &yacute; &ocirc;ng muốn nhấn mạnh tới cụm từ &quot;Turning the world on its ear&rdquo; muốn biến cả thế giới v&agrave;o tay m&igrave;nh.</p>\r\n\r\n<p>B&ecirc;n cạnh đ&oacute;, nếu để &yacute; c&aacute;c phi&ecirc;n bản thi&ecirc;t kế logo của Dell tuy kh&ocirc;ng c&oacute; sự thay đổi nhiều so với tổng thế nhưng để &yacute; kỹ bạn c&oacute; thể nhận ra chữ &ldquo;E&rdquo; đ&atilde; được&nbsp;tạo&nbsp; độ nghi&ecirc;ng nhiều hơn. Bao quanh với chữ Dell được thiết kế độc đ&aacute;o l&agrave; biểu tượng v&ograve;ng tr&ograve;n m&agrave;u xanh biểu tượng cho quả địa cầu, sắc xanh đươc sử dụng cho biểu tượng v&ograve;ng tr&ograve;n b&ecirc;n ngo&agrave;i biểu trưng cho l&ograve;ng nhiệt huyết, sự trung th&agrave;nh, tin cậy, s&aacute;ng tạo v&agrave; đột ph&aacute;. T&iacute;nh đến thời điểm hiện tại, phi&ecirc;n bản&nbsp;<strong>logo Dell</strong>&nbsp;được sử dụng hiện h&agrave;nh l&agrave; phi&ecirc;n bản được thiết kế cuối c&ugrave;ng v&agrave;o năm 2010.</p>\r\n', '18/07/2023', 'Admin'),
(6, 'Hp', '### Hp ###', 'public/uploads/hp.png', '<p><strong>Giới thiệu HP</strong>: theo Wikipedia,&nbsp;HP l&agrave; t&ecirc;n viết tắt của tập đo&agrave;n Hewlett-Packard. Đ&acirc;y l&agrave; một trong những tập đo&agrave;n thuộc top đầu thế giới về lĩnh vực c&ocirc;ng nghệ th&ocirc;ng tin. C&ocirc;ng ty được th&agrave;nh lập từ năm 1939 bởi Bill Hewlett v&agrave; Dave Packard. Hiện tại, tập đo&agrave;n c&oacute; trụ sở đặt tại Cupertino, California, Hoa Kỳ. Ch&iacute;nh sự th&agrave;nh lập n&agrave;y đ&atilde; khai sinh ra thương hiệu HP nổi tiếng to&agrave;n cầu như hiện nay.</p>\r\n\r\n<p>Tiền th&acirc;n của thương hiệu HP với số vốn ban đầu &iacute;t ỏi, được th&agrave;nh lập l&agrave; một nh&agrave; sản xuất c&aacute;c c&ocirc;ng cụ chuy&ecirc;n dụng cho hệ thống đo lường, kiểm định. Sau một thời gian, c&ocirc;ng ty dần mở rộng quy m&ocirc; với văn ph&ograve;ng lớn hơn v&agrave; bất đầu chuyển hướng kinh doanh, ph&aacute;t triển đa dạng c&aacute;c d&ograve;ng sản phẩm hơn.</p>\r\n\r\n<p>T&iacute;nh đến thời điểm hiện tại, thương hiệu HP đ&atilde; trải qua hơn 80 năm h&igrave;nh th&agrave;nh, x&acirc;y dựng v&agrave; ph&aacute;t triển, để c&oacute; được th&agrave;nh c&ocirc;ng v&agrave; được nhiều người biết đến như ng&agrave;y h&ocirc;m nay, thương hiệu cũng đ&atilde; trải qua nhiều kh&oacute; khăn, th&aacute;ch thức để c&oacute; đạt được th&agrave;nh c&ocirc;ng vang dội.</p>\r\n', '18/07/2023', 'Admin'),
(7, 'Mac', '', '', '', '', ''),
(8, 'Asus', '', '', '', '', ''),
(9, 'Lenovo', '', '', '', '', ''),
(10, 'Dell', '', '', '', '', '');
-- --------------------------------------------------------

--
-- Table structure for table `tbl_cart`
--

CREATE TABLE `tbl_cart` (
  `id` int(11) NOT NULL,
  `id_customer` int(11) NOT NULL,
  `total_num` int(11) NOT NULL,
  `total_price` float NOT NULL
) ENGINE=InnoDB DEFAULT CHARSET=utf8mb4 COLLATE=utf8mb4_general_ci;

--
-- Dumping data for table `tbl_cart`
--

INSERT INTO `tbl_cart` (`id`, `id_customer`, `total_num`, `total_price`) VALUES
(2, 2, 0, 0),
(7, 1, 0, 0),
(8, 3, 0, 0),
(9, 4, 1, 33990000);

-- --------------------------------------------------------

--
-- Table structure for table `tbl_category`
--

CREATE TABLE `tbl_category` (
  `id` int(11) NOT NULL,
  `name` varchar(255) NOT NULL,
  `code` varchar(255) NOT NULL,
  `image` varchar(255) NOT NULL,
  `description` text NOT NULL,
  `create_date` varchar(255) NOT NULL,
  `user` varchar(255) NOT NULL
) ENGINE=InnoDB DEFAULT CHARSET=utf8mb4 COLLATE=utf8mb4_general_ci;

--
-- Dumping data for table `tbl_category`
--

INSERT INTO `tbl_category` (`id`, `name`, `code`, `image`, `description`, `create_date`, `user`) VALUES
(12, 'Lap Top', '###   LapTop   ###', 'public/uploads/laptop.jpg', '<p>M&aacute;y t&iacute;nh laptop hay m&aacute;y laptop gi&aacute; rẻ vi t&iacute;nh x&aacute;ch tay (tiếng anh laptop computer hay notebook computer) l&agrave; một m&aacute;y t&iacute;nh c&aacute; nh&acirc;n gọn nhỏ c&oacute; thể mang x&aacute;ch được. N&oacute; thường c&oacute; trọng lương nhẹ, t&ugrave;y thuộc v&agrave;o h&atilde;ng sản xuất v&agrave; kiểu m&aacute;y d&agrave;nh cho c&aacute;c mục đ&iacute;ch sử dụng kh&aacute;c nhau.</p>\r\n', '13/07/2023', 'Admin'),
(13, 'Điện Thoại', '###   SmartPhone   ###', 'public/uploads/dienthoai.jpg', '<h2 dir=\"ltr\"><strong><a href=\"https://www.thegioididong.com/dtdd\" target=\"_blank\" title=\"smartphone\" type=\"smartphone\">Điện thoại th&ocirc;ng minh</a><strong>&nbsp;</strong>hay n&oacute;i c&aacute;ch kh&aacute;c l&agrave; điện thoại th&ocirc;ng minh, đang trở n&ecirc;n rất phổ biến trong những năm trở lại đ&acirc;y, nhất l&agrave; 2013 v&agrave; 2014. Tuổi teen cũng d&ugrave;ng smartphone, thanh thi&ecirc;n, trung ni&ecirc;n v&agrave; cho đến những người lớn tuổi hầu như ai cũng sử dụng sản phẩm ti&ecirc;n tiến n&agrave;y.</strong></h2>\r\n', '13/07/2023', 'Admin'),
(14, 'Máy Tính Bảng', '###   TabLet   ###', 'public/uploads/tablet.jpg', '<p><b>M&aacute;y t&iacute;nh bảng</b>&nbsp;(<a href=\"https://vi.wikipedia.org/wiki/Ti%E1%BA%BFng_Anh\" title=\"Tiếng Anh\">Tiếng Anh</a>: tablet computer hay tablet PC), th&ocirc;ng thường với hệ điều h&agrave;nh di động v&agrave; mạch xử l&yacute; m&agrave;n h&igrave;nh cảm ứng v&agrave; pin c&oacute; thể sạc lại trong một g&oacute;i phẳng, đơn lẻ. M&aacute;y t&iacute;nh bảng l&agrave; một m&aacute;y t&iacute;nh l&agrave;m những g&igrave;&nbsp;<a href=\"https://vi.wikipedia.org/wiki/M%C3%A1y_t%C3%ADnh_c%C3%A1_nh%C3%A2n\" title=\"Máy tính cá nhân\">m&aacute;y t&iacute;nh c&aacute; nh&acirc;n</a>&nbsp;kh&aacute;c l&agrave;m, nhưng thiếu một số khả năng đầu v&agrave;o/đầu ra (I/O) m&agrave; c&aacute;c&nbsp;<a href=\"https://vi.wikipedia.org/wiki/M%C3%A1y_t%C3%ADnh\" title=\"Máy tính\">m&aacute;y t&iacute;nh</a>&nbsp;kh&aacute;c c&oacute;. M&aacute;y t&iacute;nh bảng hiện đại phần lớn giống với&nbsp;<a href=\"https://vi.wikipedia.org/wiki/%C4%90i%E1%BB%87n_tho%E1%BA%A1i_th%C3%B4ng_minh\" title=\"Điện thoại thông minh\">điện thoại th&ocirc;ng minh</a>&nbsp;hiện đại, điểm kh&aacute;c biệt duy nhất l&agrave; m&aacute;y t&iacute;nh bảng tương đối lớn hơn&nbsp;<a href=\"https://vi.wikipedia.org/wiki/%C4%90i%E1%BB%87n_tho%E1%BA%A1i_th%C3%B4ng_minh\" title=\"Điện thoại thông minh\">điện thoại th&ocirc;ng minh</a>, với m&agrave;n h&igrave;nh 7 inch (18cm) hoặc lớn hơn, được đo theo đường ch&eacute;o, v&agrave; c&oacute; thể kh&ocirc;ng hỗ trợ truy cập đến một mạng di động.</p>\r\n', '13/07/2023', 'Admin');

-- --------------------------------------------------------

--
-- Table structure for table `tbl_customer`
--

CREATE TABLE `tbl_customer` (
  `id` int(11) NOT NULL,
  `username` varchar(255) NOT NULL,
  `password` varchar(255) NOT NULL,
  `fullname` varchar(255) NOT NULL,
  `mail` varchar(255) NOT NULL,
  `phone` varchar(10) NOT NULL,
  `address` text NOT NULL,
  `create_date` varchar(255) NOT NULL
) ENGINE=InnoDB DEFAULT CHARSET=utf8mb4 COLLATE=utf8mb4_general_ci;

--
-- Dumping data for table `tbl_customer`
--

INSERT INTO `tbl_customer` (`id`, `username`, `password`, `fullname`, `mail`, `phone`, `address`, `create_date`) VALUES
(1, 'quanhne', '37d21de990f741c3b5d2a8479c6564e5', 'Quanh', 'Quanh@gmail.com', '0943678264', 'hanoi', '15/07/2020'),
(2, 'admin', '0192023a7bbd73250516f069df18b500', 'tao la admin', 'admin@gmail.com', '0000000000', 'hà nội', '16/07/2020'),
(3, 'quanh', 'dcdb83e208de3c3e6ff50e6d52e9184d', 'Admin', 'quanhday@gmail.com', '098123777', 'Nam Định OK', '18/07/2020'),
(4, 'root', 'b59c67bf196a4758191e42f76670ceba', 'Trung Nhạc', 'admin', '0822225286', 'Viet Nam', '11/09/2023');

-- --------------------------------------------------------

--
-- Table structure for table `tbl_detail_cart`
--

CREATE TABLE `tbl_detail_cart` (
  `id` int(11) NOT NULL,
  `id_cart` int(11) NOT NULL,
  `id_product` int(11) NOT NULL,
  `num_total` int(11) NOT NULL,
  `sub_total_price` float NOT NULL
) ENGINE=InnoDB DEFAULT CHARSET=utf8mb4 COLLATE=utf8mb4_general_ci;

--
-- Dumping data for table `tbl_detail_cart`
--

INSERT INTO `tbl_detail_cart` (`id`, `id_cart`, `id_product`, `num_total`, `sub_total_price`) VALUES
(89, 9, 6, 1, 33990000);

-- --------------------------------------------------------

--
-- Table structure for table `tbl_detail_order`
--

CREATE TABLE `tbl_detail_order` (
  `id` int(11) NOT NULL,
  `id_order` int(11) NOT NULL,
  `id_product` int(11) NOT NULL,
  `qty` int(11) NOT NULL,
  `sub_total_price` float NOT NULL
) ENGINE=InnoDB DEFAULT CHARSET=utf8mb4 COLLATE=utf8mb4_general_ci;

--
-- Dumping data for table `tbl_detail_order`
--

INSERT INTO `tbl_detail_order` (`id`, `id_order`, `id_product`, `qty`, `sub_total_price`) VALUES
(13, 12, 21, 3, 58470000),
(14, 12, 6, 1, 33990000),
(15, 12, 22, 1, 27990000),
(20, 15, 10, 1, 17990000),
(21, 16, 11, 10, 159900000),
(22, 17, 6, 2, 67980000),
(23, 17, 27, 1, 10990000),
(24, 18, 6, 1, 33990000),
(25, 19, 6, 1, 33990000),
(26, 20, 6, 1, 33990000),
(27, 21, 5, 1, 41990000),
(28, 22, 5, 1, 41990000),
(29, 23, 5, 1, 41990000),
(30, 23, 12, 1, 14990000),
(31, 24, 6, 1, 33990000),
(32, 25, 6, 1, 33990000),
(33, 26, 6, 1, 33990000),
(34, 27, 5, 1, 41990000),
(35, 28, 5, 1, 41990000),
(36, 29, 6, 1, 33990000),
(37, 30, 6, 1, 33990000),
(38, 31, 6, 1, 33990000),
(39, 32, 6, 1, 33990000),
(40, 33, 6, 1, 33990000),
(41, 34, 6, 1, 33990000),
(42, 35, 6, 1, 33990000),
(43, 36, 6, 1, 33990000),
(44, 37, 6, 1, 33990000),
(45, 38, 6, 1, 33990000),
(46, 39, 6, 1, 33990000),
(47, 40, 15, 1, 5690000),
(48, 41, 7, 1, 30990000),
(49, 42, 7, 1, 30990000),
(50, 43, 10, 1, 17990000),
(51, 44, 6, 1, 33990000);

-- --------------------------------------------------------

--
-- Table structure for table `tbl_order`
--

CREATE TABLE `tbl_order` (
  `id` int(11) NOT NULL,
  `custom_id` int(11) NOT NULL,
  `total_price` float NOT NULL,
  `total_num_product` int(11) NOT NULL,
  `create_date` varchar(255) NOT NULL,
  `note` text NOT NULL,
  `payment_method` varchar(255) NOT NULL,
  `status` enum('Thành công','Chờ xác nhận','Hủy','') NOT NULL,
  `id_cart` int(11) NOT NULL,
  `time` varchar(255) NOT NULL,
  `code` varchar(255) NOT NULL,
  `date_confirm` varchar(255) NOT NULL
) ENGINE=InnoDB DEFAULT CHARSET=utf8mb4 COLLATE=utf8mb4_general_ci;

--
-- Dumping data for table `tbl_order`
--

INSERT INTO `tbl_order` (`id`, `custom_id`, `total_price`, `total_num_product`, `create_date`, `note`, `payment_method`, `status`, `id_cart`, `time`, `code`, `date_confirm`) VALUES
(12, 1, 120450000, 5, '17/07/2023', '', 'card_payment', 'Hủy', 7, '1594998116', 'trantruong(1594998116)', ''),
(15, 2, 17990000, 1, '18/07/2020', '', 'card_payment', 'Thành công', 2, '1595060286', 'admin(1595060286)', '18/07/2020'),
(16, 1, 159900000, 10, '18/07/2020', '', 'home_payment', 'Thành công', 7, '1595089220', 'trantruong(1595089220)', '18/07/2020'),
(17, 3, 78970000, 3, '18/07/2020', 'giao hàng đúng hạn', 'home_payment', 'Thành công', 8, '1595096077', 'truongnd(1595096077)', '18/07/2020'),
(18, 4, 33990000, 1, '11/09/2023', '', 'card_payment', 'Thành công', 9, '1694452998', 'root(1694452998)', '12/09/2023'),
(19, 4, 33990000, 1, '11/09/2023', '', 'home_payment', 'Chờ xác nhận', 9, '1694455606', 'admin(1694455606)', ''),
(20, 4, 33990000, 1, '11/09/2023', '', 'card_payment', 'Chờ xác nhận', 9, '1694455648', 'admin(1694455648)', ''),
(21, 4, 41990000, 1, '12/09/2023', '', 'card_payment', 'Chờ xác nhận', 9, '1694507551', 'root(1694507551)', ''),
(22, 4, 41990000, 1, '13/09/2023', '', 'card_payment', 'Chờ xác nhận', 9, '1694596301', 'root(1694596301)', ''),
(23, 4, 56980000, 2, '25/10/2023', '', 'VNPAY', 'Chờ xác nhận', 9, '1698215821', 'root(1698215821)', ''),
(24, 4, 33990000, 1, '25/10/2023', '', 'VNPAY', 'Chờ xác nhận', 9, '1698215881', 'root(1698215881)', ''),
(25, 4, 33990000, 1, '25/10/2023', '', 'VNPAY', 'Chờ xác nhận', 9, '1698215983', 'root(1698215983)', ''),
(26, 4, 33990000, 1, '25/10/2023', '', 'VNPAY', 'Chờ xác nhận', 9, '1698216480', 'root(1698216480)', ''),
(27, 4, 41990000, 1, '25/10/2023', '', 'VNPAY', 'Chờ xác nhận', 9, '1698216881', 'root(1698216881)', ''),
(28, 4, 41990000, 1, '25/10/2023', '', 'VNPAY', 'Chờ xác nhận', 9, '1698216950', 'root(1698216950)', ''),
(29, 4, 33990000, 1, '25/10/2023', '', 'VNPAY', 'Chờ xác nhận', 9, '1698217260', 'root(1698217260)', ''),
(30, 4, 33990000, 1, '25/10/2023', '', 'VNPAY', 'Chờ xác nhận', 9, '1698217269', 'root(1698217269)', ''),
(31, 4, 33990000, 1, '25/10/2023', '', 'VNPAY', 'Chờ xác nhận', 9, '1698219396', 'root(1698219396)', ''),
(32, 4, 33990000, 1, '25/10/2023', '', 'VNPAY', 'Chờ xác nhận', 9, '1698219444', 'root(1698219444)', ''),
(33, 4, 33990000, 1, '25/10/2023', '', 'VNPAY', 'Chờ xác nhận', 9, '1698219502', 'root(1698219502)', ''),
(34, 4, 33990000, 1, '25/10/2023', '', 'VNPAY', 'Chờ xác nhận', 9, '1698219699', 'root(1698219699)', ''),
(35, 4, 33990000, 1, '25/10/2023', '', 'VNPAY', 'Chờ xác nhận', 9, '1698222797', 'root(1698222797)', ''),
(36, 4, 33990000, 1, '25/10/2023', '', 'VNPAY', 'Chờ xác nhận', 9, '1698223516', 'root(1698223516)', ''),
(37, 4, 33990000, 1, '25/10/2023', '', 'VNPAY', 'Chờ xác nhận', 9, '1698223715', 'root(1698223715)', ''),
(38, 4, 33990000, 1, '25/10/2023', '', 'VNPAY', 'Chờ xác nhận', 9, '1698223723', 'root(1698223723)', ''),
(39, 4, 33990000, 1, '25/10/2023', '', 'VNPAY', 'Chờ xác nhận', 9, '1698223752', 'root(1698223752)', ''),
(40, 4, 39680000, 2, '26/10/2023', '', 'VNPAY', 'Chờ xác nhận', 9, '1698307778', 'root(1698307778)', ''),
(41, 4, 70670000, 3, '29/10/2023', '', 'VNPAY', 'Chờ xác nhận', 9, '1698547726', 'root(1698547726)', ''),
(42, 4, 70670000, 3, '29/10/2023', '', 'home_payment', 'Chờ xác nhận', 9, '1698548842', 'root(1698548842)', ''),
(43, 4, 17990000, 1, '29/10/2023', '', 'home_payment', 'Chờ xác nhận', 9, '1698557444', 'root(1698557444)', ''),
(44, 4, 33990000, 1, '29/10/2023', '', 'home_payment', 'Chờ xác nhận', 9, '1698559184', 'root(1698559184)', '');

-- --------------------------------------------------------

--
-- Table structure for table `tbl_product`
--

CREATE TABLE `tbl_product` (
  `id` int(11) NOT NULL,
  `id_category` int(11) NOT NULL,
  `id_brand` int(11) NOT NULL,
  `name` varchar(255) NOT NULL,
  `code` varchar(255) NOT NULL,
  `price` float NOT NULL,
  `promotional_price` float NOT NULL,
  `quantity` int(11) NOT NULL,
  `status` enum('còn hàng','hết hàng','hàng sắp về') NOT NULL,
  `description` text NOT NULL,
  `screen` varchar(255) NOT NULL,
  `ram` varchar(255) NOT NULL,
  `cpu` varchar(255) NOT NULL,
  `memory` varchar(255) NOT NULL,
  `operating_system` varchar(255) NOT NULL,
  `front_camera` varchar(255) NOT NULL,
  `rear_camera` varchar(255) NOT NULL,
  `user` varchar(255) NOT NULL,
  `create_date` varchar(255) NOT NULL,
  `image` varchar(255) NOT NULL,
  `level` enum('hot','normal','discount') NOT NULL
) ENGINE=InnoDB DEFAULT CHARSET=utf8mb4 COLLATE=utf8mb4_general_ci;

--
-- Dumping data for table `tbl_product`
--

INSERT INTO `tbl_product` (`id`, `id_category`, `id_brand`, `name`, `code`, `price`, `promotional_price`, `quantity`, `status`, `description`, `screen`, `ram`, `cpu`, `memory`, `operating_system`, `front_camera`, `rear_camera`, `user`, `create_date`, `image`, `level`) VALUES
(1, 13, 1, 'iPhone 15 Pro Max', 'IPHONE#01', 34990000, 33990000, 100, 'còn hàng', '<h2>iPhone 15 Pro Max sở hữu màn hình Super Retina XDR OLED 6.7 inch tần số quét cao 120Hz sắc nét và mượt mà. Với chipset A17 Pro sản xuất trên tiến trình 3nm, thế hệ iPhone 15 bản Pro Max đảm bảo hiệu năng mạnh mẽ và khả năng tiết kiệm pin tối ưu. Đặc biệt, máy còn sở hữu camera chính 48MP cùng khả năng zoom quang học 5x, giúp iP 15 Pro Max trở thành lựa chọn tuyệt vời cho người đam mê nhiếp ảnh và quay phim chuyên nghiệp.</h2>', '6.7 inch OLED', '8GB', 'Apple A17 Pro', '256GB', 'iOS 17', '12MP', '48MP + 12MP + 12MP', 'admin', '2025-06-23 11:56:26', 'https://cdn2.cellphones.com.vn/insecure/rs:fill:0:358/q:90/plain/https://cellphones.com.vn/media/catalog/product/i/p/iphone-15-pro-max_3.png', 'hot'),
(2, 13, 1, 'iPhone 15 Pro', 'IPHONE#02', 31990000, 30990000, 200, 'còn hàng', '<h2>Điện thoại iPhone 15 Pro được trang bị màn hình mới Dynamic Island với kích thước 6.1 inch cùng công nghệ ProMotion và tính năng Always On Display. Thiết bị cũng có nhiều thay đổi trong thiết kế với nút hành động cùng cổng sạc USB-C, khung viền titan sang trọng. Thế hệ điện thoại iPhone 15 mới này được trang bị 04 màu sắc mới như Titan tự nhiên, titan đen, titan trắng và titan xanh.</h2>', '6.1 inch OLED', '8GB', 'Apple A17 Pro', '256GB', 'iOS 17', '12MP', '48MP + 12MP + 12MP', 'admin', '2025-06-23 11:56:26', 'https://halomobile.vn/wp-content/uploads/2023/09/iphone-15-pro-xanh-halo.png', 'hot'),
(3, 13, 1, 'iPhone 15 Plus', 'IPHONE#03', 27990000, 26990000, 150, 'còn hàng', '<h2>iPhone 15 Plus được đánh giá cao bởi màn hình Dynamic Island 6.7 inch với mặt kính lưng pha màu ấn tượng, chip A16 Bionic mạnh mẽ cùng cổng sạc USB-C cho khả năng sạc đầy nhanh chóng. Ngoài ra, phiên bản Plus thuộc series iPhone 15 còn sở hữu 5 phiên bản màu pastel thanh lịch phù hợp với nhiều đối tượng khách hàng: hồng, vàng, xanh lá, xanh dương, đen.</h2>', '6.7 inch OLED', '6GB', 'Apple A16', '128GB', 'iOS 17', '12MP', '48MP + 12MP', 'admin', '2025-06-23 11:56:26', 'https://cdn.tgdd.vn/Products/Images/42/303891/iphone-15-plus-128gb-xanh-thumb-600x600.jpg', 'hot'),
(4, 13, 1, 'iPhone 15', 'IPHONE#04', 24990000, 23990000, 200, 'còn hàng', '<h2>iPhone 15 128GB được trang bị màn hình Dynamic Island kích thước 6.1 inch với công nghệ hiển thị Super Retina XDR màn lại trải nghiệm hình ảnh vượt trội. Điện thoại với mặt lưng kính nhám chống bám mồ hôi cùng 5 phiên bản màu sắc lựa chọn: Hồng, Vàng, Xanh lá, Xanh dương và đen. Camera trên iPhone 15 series cũng được nâng cấp lên cảm biến 48MP cùng tính năng chụp zoom quang học tới 2x. Cùng với thiết kế cổng sạc thay đổi từ lightning sang USB-C vô cùng ấn tượng.</h2>', '6.1 inch OLED', '6GB', 'Apple A16', '128GB', 'iOS 17', '12MP', '48MP + 12MP', 'admin', '2025-06-23 11:56:26', 'https://cdn2.cellphones.com.vn/insecure/rs:fill:358:358/q:90/plain/https://cellphones.com.vn/media/catalog/product/i/p/iphone-15-plus_1__1.png', 'hot'),
(5, 13, 1, 'iPhone 14 Pro Max', 'IPHONE#05', 29990000, 28990000, 300, 'còn hàng', '<h2>iPhone 14 Pro Max gây ấn tượng mạnh với thiết kế sang trọng, Dynamic Island thông minh và màn hình LTPO 120Hz siêu mượt. Chip A16 Bionic cho hiệu năng vượt trội, hỗ trợ quay video chuyên nghiệp cùng camera 48MP. Đây là mẫu máy lý tưởng cho người dùng yêu cầu cao về hiệu năng và camera.</h2>', '6.7 inch OLED', '6GB', 'Apple A16', '256GB', 'iOS 16', '12MP', '48MP + 12MP + 12MP', 'admin', '2025-06-23 11:56:26', 'https://cdn2.cellphones.com.vn/insecure/rs:fill:0:358/q:90/plain/https://cellphones.com.vn/media/catalog/product/x/_/x_m_24.png', 'hot'),
(6, 13, 1, 'iPhone 14', 'IPHONE#06', 20990000, 19990000, 400, 'còn hàng', '<h2>iPhone 14 giữ nguyên thiết kế quen thuộc nhưng cải tiến ở khả năng chụp ảnh và hiệu năng. Với chip A15 Bionic và công nghệ Photonic Engine, ảnh chụp trong điều kiện thiếu sáng rõ nét hơn. Máy nhẹ, dễ cầm, rất phù hợp cho người dùng phổ thông hoặc nâng cấp từ các đời iPhone cũ.</h2>', '6.1 inch OLED', '6GB', 'Apple A15', '128GB', 'iOS 16', '12MP', '12MP + 12MP', 'admin', '2025-06-23 11:56:26', 'https://cdn2.cellphones.com.vn/insecure/rs:fill:358:358/q:90/plain/https://cellphones.com.vn/media/catalog/product/i/p/iphone-14-plus_1__2.png', 'hot'),
(7, 13, 1, 'iPhone 13', 'IPHONE#07', 17990000, 16990000, 500, 'còn hàng', '<h2>iPhone 13 thường được trang bị chip A15 Bionic mạnh mẽ với 6 nhân CPU và 4 nhân GPU, cung cấp mức hiệu năng vượt trội, giúp xử lý nhanh chóng các tác vụ nặng. Màn hình Super Retina XDR 6.1 inch trên máy cũng được đánh giá cao khi mang tới hình ảnh sắc nét với độ sáng cao, tối ưu hóa trải nghiệm xem nội dung dưới mọi điều kiện ánh sáng. Chưa hết, iPhone13 còn sở hữu hệ thống camera kép 12MP với công nghệ ổn định hình ảnh quang học (OIS) cải thiện khả năng quay film, chụp hình, ngay cả khi đang ở trong môi trường ánh sáng yếu.</h2>', '6.1 inch OLED', '4GB', 'Apple A15', '128GB', 'iOS 15', '12MP', '12MP + 12MP', 'admin', '2025-06-23 11:56:26', 'https://cdn.tgdd.vn/Products/Images/42/223602/iphone-13-midnight-2-600x600.jpg', 'hot'),
(8, 13, 1, 'iPhone 13 mini', 'IPHONE#08', 16990000, 15990000, 300, 'còn hàng', '<h2>Apple vừa trình làng iPhone 13 mini cùng với 3 phiên bản khác là iPhone 13 Pro và 13 Pro Max cùng iPhone 13 thường tương tự năm ngoái. Tuy nhiên dòng sản phẩm mới năm nay có nhiều nâng cấp về cấu hình, camera, thiết kế lẫn màu sắc. Như vậy, Apple đã không thay đổi số lượng phiên bản cũng như kích thước màn hình của loạt điện thoại iPhone 13 năm nay. </h2>', '5.4 inch OLED', '4GB', 'Apple A15', '128GB', 'iOS 15', '12MP', '12MP + 12MP', 'admin', '2025-06-23 11:56:26', 'https://cdn.phuckhangmobile.com/image/iphone-13-hong-900-24965j.jpg', 'hot'),
(9, 13, 1, 'iPhone SE 2022', 'IPHONE#09', 10990000, 9990000, 400, 'còn hàng', '<h2>iPhone SE 2022 đã ghi dấu ấn với thiết kế nhỏ gọn và hiệu năng mạnh mẽ trong phân khúc giá rẻ. Giá rẻ, chip mạnh, thiết kế cổ điển, mang đến làn gió mới cho người dùng yêu thích dòng iPhone giá phải chăng.</h2>', '4.7 inch LCD', '4GB', 'Apple A15', '64GB', 'iOS 15', '7MP', '12MP', 'admin', '2025-06-23 11:56:26', 'https://bizweb.dktcdn.net/100/401/951/products/dac-diem-noi-bat-2392dc24-8398-4f1b-8321-32202c44da29.png?v=1729506920280', 'hot'),
(10, 13, 1, 'iPhone 12', 'IPHONE#10', 15990000, 14990000, 500, 'còn hàng', '<h2>iPhone 12 là dòng máy đánh dấu sự trở lại của thiết kế cạnh phẳng hiện đại. Trang bị chip A14 Bionic và màn hình OLED chất lượng cao, iPhone 12 vẫn đáp ứng tốt mọi tác vụ năm 2025. Máy hỗ trợ 5G, chống nước IP68 và camera chụp đẹp không kém đời mới.</h2>', '6.1 inch OLED', '4GB', 'Apple A14', '128GB', 'iOS 14', '12MP', '12MP + 12MP', 'admin', '2025-06-23 11:56:26', 'https://cdn.tgdd.vn/Products/Images/42/213031/iphone-12-tim-1-600x600.jpg', 'hot'),
(11, 13, 2, 'Samsung Galaxy S23 Ultra', 'SAMSUNG#01', 31990000, 29990000, 500, 'còn hàng', '<h2>Samsung Galaxy S23 Ultra là flagship hội tụ công nghệ cao nhất của Samsung, với camera chính 200MP, bút S-Pen tích hợp và chip Snapdragon 8 Gen 2 cho Galaxy tối ưu mạnh mẽ. Màn hình AMOLED 6.8 inch 120Hz siêu mượt, pin 5000mAh và khả năng zoom lên đến 100x giúp S23 Ultra trở thành lựa chọn hàng đầu cho người yêu công nghệ và nhiếp ảnh.</h2>', '6.8 inch AMOLED', '12GB', 'Snapdragon 8 Gen 2', '256GB', 'Android 13', '12MP', '200MP + 12MP + 10MP', 'admin', '2025-06-23 11:56:26', 'https://galaxydidong.vn/wp-content/uploads/2023/02/galaxydidong-s23-ultra-tim-nhat.jpg', 'hot'),
(12, 13, 2, 'Samsung Galaxy S23', 'SAMSUNG#02', 21990000, 19990000, 500, 'còn hàng', '<h2>Samsung Galaxy S23 là mẫu flagship nhỏ gọn nhưng cực kỳ mạnh mẽ, sở hữu chip Snapdragon 8 Gen 2 cùng cụm camera sau 50MP chất lượng cao. Với thiết kế sang trọng, màn hình Dynamic AMOLED 120Hz mượt mà, đây là chiếc điện thoại lý tưởng cho người dùng yêu thích sự cân đối giữa hiệu năng và sự tinh tế.</h2>', '6.1 inch AMOLED', '8GB', 'Snapdragon 8 Gen 2', '128GB', 'Android 13', '12MP', '50MP + 12MP + 10MP', 'admin', '2025-06-23 11:56:26', 'https://cdn.tgdd.vn/Products/Images/42/264060/samsung-galaxy-s23-600x600.jpg', 'hot'),
(13, 13, 2, 'Samsung Galaxy Z Fold4', 'SAMSUNG#03', 40990000, 37990000, 200, 'còn hàng', '<h2>Fold4 đánh dấu bước tiến lớn trong công nghệ màn hình gập. Với thiết kế mở ra như một chiếc tablet và cấu hình flagship từ Snapdragon 8+ Gen 1, máy hỗ trợ đa nhiệm tuyệt vời, chụp ảnh linh hoạt và trải nghiệm giải trí vượt trội. Sản phẩm lý tưởng cho người dùng doanh nhân, sáng tạo nội dung hoặc yêu thích công nghệ độc đáo.</h2>', '7.6 inch AMOLED', '12GB', 'Snapdragon 8+ Gen 1', '256GB', 'Android 12L', '10MP', '50MP + 12MP + 10MP', 'admin', '2025-06-23 11:56:26', 'https://onewaymobile.vn/images/products/2022/09/21/original/z-fold-4-ow-3_1663728219-copy.png', 'hot'),
(14, 13, 2, 'Samsung Galaxy Z Flip4', 'SAMSUNG#04', 23990000, 21990000, 300, 'còn hàng', '<h2>Z Flip4 là lựa chọn hoàn hảo cho người dùng yêu thích thời trang và sự tiện lợi. Khi gập lại, máy nhỏ gọn như một hộp phấn. Khi mở ra, màn hình AMOLED 6.7 inch sắc nét cho trải nghiệm sử dụng trọn vẹn. Sở hữu chip Snapdragon 8+ Gen 1, pin bền và sạc nhanh, đây là smartphone “thời trang công nghệ” đúng nghĩa.</h2>', '6.7 inch AMOLED', '8GB', 'Snapdragon 8+ Gen 1', '128GB', 'Android 12', '10MP', '12MP + 12MP', 'admin', '2025-06-23 11:56:26', 'https://cdn.tgdd.vn/Products/Images/42/258047/samsung-galaxy-z-flip4-5g-128gb-thumb-tim-600x600.jpg', 'hot'),
(15, 13, 2, 'Samsung Galaxy A73', 'SAMSUNG#05', 11990000, 9990000, 600, 'còn hàng', '<h2>Galaxy A73 nổi bật với camera 108MP cùng màn hình Super AMOLED+ 6.7 inch 120Hz mượt mà. Trang bị Snapdragon 778G và viên pin 5000mAh, A73 vừa mạnh vừa bền, lý tưởng cho người dùng yêu cầu cao về cả giải trí lẫn công việc trong phân khúc cận cao cấp.</h2>', '6.7 inch AMOLED', '8GB', 'Snapdragon 778G', '128GB', 'Android 12', '32MP', '108MP + 12MP + 5MP + 5MP', 'admin', '2025-06-23 11:56:26', 'https://encrypted-tbn0.gstatic.com/images?q=tbn:ANd9GcSk1d-wX1Ckg92hPDr9WK-wYmwTp8nJ9d1YTw&s', 'hot'),
(16, 13, 2, 'Samsung Galaxy A54', 'SAMSUNG#06', 10490000, 9490000, 700, 'còn hàng', '<h2>Galaxy A54 sở hữu thiết kế hiện đại lấy cảm hứng từ dòng S cao cấp, cùng chip Exynos 1380 mạnh mẽ. Màn hình AMOLED 120Hz siêu mượt, camera chống rung OIS và viên pin 5000mAh giúp máy hoạt động mượt mà suốt ngày dài. Rất phù hợp cho người dùng trẻ năng động.</h2>', '6.4 inch AMOLED', '8GB', 'Exynos 1380', '128GB', 'Android 13', '32MP', '50MP + 12MP + 5MP', 'admin', '2025-06-23 11:56:26', 'https://cdn2.cellphones.com.vn/insecure/rs:fill:358:358/q:90/plain/https://cellphones.com.vn/media/catalog/product/s/m/sm-a546_galaxy_a54_5g_awesome_violet_front_4_3_1_1.png', 'hot'),
(17, 13, 2, 'Samsung Galaxy A34', 'SAMSUNG#07', 8490000, 7990000, 500, 'còn hàng', '<h2>Galaxy A34 mang lại trải nghiệm mượt mà nhờ màn hình AMOLED 120Hz và chip Dimensity 1080 hiệu năng tốt. Camera 48MP hỗ trợ chống rung OIS, pin 5000mAh cùng thiết kế thời trang khiến A34 nổi bật trong phân khúc tầm trung.</h2>', '6.6 inch AMOLED', '6GB', 'Dimensity 1080', '128GB', 'Android 13', '13MP', '48MP + 8MP + 5MP', 'admin', '2025-06-23 11:56:26', 'https://didongmango.com/images/products/2023/09/26/large/galaxy-a34-5g-bac_6-copy_1695784873.jpg', 'hot'),
(18, 13, 2, 'Samsung Galaxy M14', 'SAMSUNG#08', 4490000, 3990000, 800, 'còn hàng', '<h2>Galaxy M14 nổi bật với viên pin khủng 6000mAh, phù hợp cho người dùng cần sử dụng dài ngày. Máy trang bị chip Exynos 1330 mạnh mẽ, màn hình lớn 6.6 inch, hỗ trợ 5G và giá cực kỳ hấp dẫn trong phân khúc giá rẻ.</h2>', '6.6 inch PLS LCD', '4GB', 'Exynos 1330', '64GB', 'Android 13', '13MP', '50MP + 2MP + 2MP', 'admin', '2025-06-23 11:56:26', 'https://cdn.tgdd.vn/Products/Images/42/298539/samsung-galaxy-m14-5g-050723-105705-600x600.jpg', 'hot'),
(19, 13, 2, 'Samsung Galaxy A14', 'SAMSUNG#09', 3990000, 3590000, 900, 'còn hàng', '<h2>Galaxy A14 là mẫu smartphone phổ thông nổi bật nhờ thiết kế trẻ trung và cấu hình ổn định. Với chip Exynos 850, camera 50MP, màn hình lớn 6.6 inch cùng pin 5000mAh, máy phục vụ tốt nhu cầu học tập, làm việc và giải trí nhẹ nhàng.</h2>', '6.6 inch PLS LCD', '4GB', 'Exynos 850', '64GB', 'Android 13', '13MP', '50MP + 5MP + 2MP', 'admin', '2025-06-23 11:56:26', 'https://cdn.tgdd.vn/Products/Images/42/271721/samsung-galaxy-a14-5g-thumb-nau-600x600.jpg', 'hot'),
(20, 13, 2, 'Samsung Galaxy A04s', 'SAMSUNG#10', 3190000, 2990000, 1000, 'còn hàng', '<h2>Galaxy A04s là điện thoại giá rẻ nhưng sở hữu camera 50MP ấn tượng, pin lớn 5000mAh và màn hình 6.5 inch mượt mà. Máy phù hợp cho học sinh, sinh viên hoặc người dùng cần thiết bị ổn định để liên lạc, học online, xem video.</h2>', '6.5 inch PLS LCD', '4GB', 'Exynos 850', '64GB', 'Android 12', '5MP', '50MP + 2MP + 2MP', 'admin', '2025-06-23 11:56:26', 'https://cdn.tgdd.vn/Products/Images/42/283819/samsung-galaxy-a04s-thumb-den-600x600.jpg', 'hot'),
(21, 13, 3, 'Xiaomi 13 Ultra', 'XIAOMI#01', 26990000, 24990000, 300, 'còn hàng', '<h2>Xiaomi 13 Ultra là siêu phẩm camera với sự hợp tác giữa Xiaomi và Leica. Cụm camera 50MP với cảm biến 1 inch mang lại chất lượng ảnh cực kỳ ấn tượng trong mọi điều kiện ánh sáng. Kết hợp chip Snapdragon 8 Gen 2 và màn hình AMOLED WQHD+ 120Hz, thiết bị này không chỉ mạnh mẽ mà còn hoàn hảo về trải nghiệm hình ảnh.</h2>', '6.73 inch AMOLED', '12GB', 'Snapdragon 8 Gen 2', '512GB', 'Android 13', '32MP', '50MP + 50MP + 50MP + 50MP', 'admin', '2025-06-23 11:57:37', 'https://www.giztop.com/media/catalog/product/cache/97cc1143d2e20f2b0c8ea91aaa12053c/x/i/xiaomi_13_ultra_black.jpg', 'hot'),
(22, 13, 3, 'Xiaomi 13 Pro', 'XIAOMI#02', 19990000, 18990000, 400, 'còn hàng', '<h2>Với mặt lưng gốm sang trọng và cụm camera Leica cao cấp, Xiaomi 13 Pro là lựa chọn lý tưởng cho người yêu nhiếp ảnh. Thiết bị được trang bị màn hình AMOLED 2K, tần số quét 120Hz, chip Snapdragon 8 Gen 2 và sạc nhanh 120W, giúp tái định nghĩa sự cao cấp trong phân khúc Android.</h2>', '6.73 inch AMOLED', '12GB', 'Snapdragon 8 Gen 2', '256GB', 'Android 13', '32MP', '50MP + 50MP + 50MP', 'admin', '2025-06-23 11:57:37', 'https://cdn.tgdd.vn/Products/Images/42/282903/xiaomi-13-pro-thumb-1-2-600x600.jpg', 'hot'),
(23, 13, 3, 'Xiaomi 13', 'XIAOMI#03', 16990000, 15990000, 300, 'còn hàng', '<h2>Gọn nhẹ nhưng đầy uy lực, Xiaomi 13 mang trong mình sức mạnh từ Snapdragon 8 Gen 2 cùng cụm camera chất lượng Leica. Với thiết kế tinh tế, màn hình OLED 120Hz sống động và hiệu năng vượt trội, đây là chiếc flagship nhỏ gọn đáng giá cho người dùng yêu công nghệ.</h2>', '6.36 inch AMOLED', '8GB', 'Snapdragon 8 Gen 2', '128GB', 'Android 13', '32MP', '50MP + 10MP + 12MP', 'admin', '2025-06-23 11:57:37', 'https://happyphone.vn/wp-content/uploads/2024/10/DTDD-Xiaomi-Redmi-13-6GB-128GB-Hong.jpg', 'hot'),
(24, 13, 3, 'Xiaomi 12T Pro', 'XIAOMI#04', 13990000, 12990000, 500, 'còn hàng', '<h2>Chiếc điện thoại tiên phong với camera 200MP, Xiaomi 12T Pro là sự kết hợp giữa thiết kế thanh lịch và hiệu năng cực mạnh. Máy dùng Snapdragon 8+ Gen 1, sạc siêu nhanh 120W và màn hình AMOLED sắc nét – phù hợp cho cả game thủ lẫn người yêu nhiếp ảnh.</h2>', '6.67 inch AMOLED', '8GB', 'Snapdragon 8+ Gen 1', '256GB', 'Android 12', '20MP', '200MP + 8MP + 2MP', 'admin', '2025-06-23 11:57:37', 'https://cdn.tgdd.vn/Products/Images/42/279066/xiaomi-12t-pro-thumb-bac-1-600x600.jpg', 'hot'),
(25, 13, 3, 'Xiaomi 12', 'XIAOMI#05', 11990000, 10990000, 500, 'còn hàng', '<h2>Xiaomi 12 là một flagship gọn nhẹ với hiệu năng mạnh mẽ từ Snapdragon 8 Gen 1. Thiết kế hiện đại, camera 50MP chống rung OIS, màn hình AMOLED rực rỡ và khả năng sạc nhanh 67W giúp người dùng tận hưởng trải nghiệm cao cấp với giá cả hợp lý.</h2>', '6.28 inch AMOLED', '8GB', 'Snapdragon 8 Gen 1', '128GB', 'Android 12', '32MP', '50MP + 13MP + 5MP', 'admin', '2025-06-23 11:57:37', 'https://cdn.tgdd.vn/Products/Images/42/234621/Xiaomi-12-xam-thumb-mau-600x600.jpg', 'hot'),
(26, 13, 3, 'Redmi Note 12 Pro+', 'XIAOMI#06', 9490000, 8990000, 600, 'còn hàng', '<h2>Redmi Note 12 Pro+ gây sốc với camera 200MP trong phân khúc dưới 10 triệu. Trang bị chip Dimensity 1080, màn hình AMOLED 120Hz và sạc nhanh 120W, chiếc máy này là minh chứng cho việc bạn không cần bỏ ra số tiền lớn để có trải nghiệm cao cấp.</h2>', '6.67 inch AMOLED', '8GB', 'Dimensity 1080', '256GB', 'Android 12', '16MP', '200MP + 8MP + 2MP', 'admin', '2025-06-23 11:57:37', 'https://cdn.tgdd.vn/Products/Images/42/278887/xiaomi-redmi-note-12-pro-plus-5g-1-600x600.jpg', 'hot'),
(27, 13, 3, 'Redmi Note 12 Pro', 'XIAOMI#07', 7990000, 7490000, 700, 'còn hàng', '<h2>Redmi Note 12 Pro sở hữu camera chính 50MP hỗ trợ chống rung OIS, chip Dimensity 1080 và màn hình AMOLED 120Hz sống động. Thiết kế tinh tế, hiệu năng ổn định và khả năng chụp ảnh đẹp khiến đây là một trong những chiếc điện thoại tầm trung đáng mua nhất.</h2>', '6.67 inch AMOLED', '8GB', 'Dimensity 1080', '128GB', 'Android 12', '16MP', '50MP + 8MP + 2MP', 'admin', '2025-06-23 11:57:37', 'https://cdn.tgdd.vn/Products/Images/42/299734/xiaomi-redmi-12-pro-4g-xanh-thumb-600x600.jpg', 'hot'),
(28, 13, 3, 'Redmi Note 12', 'XIAOMI#08', 4990000, 4590000, 800, 'còn hàng', '<h2>Một chiếc smartphone giá rẻ với màn hình AMOLED 120Hz hiếm thấy trong phân khúc. Redmi Note 12 dùng chip Snapdragon 685, camera 50MP và pin 5000mAh, mang đến trải nghiệm mượt mà và bền bỉ, đặc biệt phù hợp cho sinh viên và người dùng cơ bản.</h2>', '6.67 inch AMOLED', '6GB', 'Snapdragon 685', '128GB', 'Android 13', '13MP', '50MP + 8MP + 2MP', 'admin', '2025-06-23 11:57:37', 'https://cdn.tgdd.vn/Products/Images/42/303298/xiaomi-redmi-note-12-vang-1-thumb-momo-600x600.jpg', 'hot'),
(29, 13, 3, 'POCO X5 Pro', 'XIAOMI#09', 7990000, 7490000, 500, 'còn hàng', '<h2>POCO X5 Pro là chiếc smartphone gaming tầm trung với chip Snapdragon 778G mạnh mẽ, màn hình AMOLED 120Hz và camera 108MP. Thiết kế trẻ trung, pin bền và sạc nhanh giúp bạn chiến game cả ngày không lo hết pin.</h2>', '6.67 inch AMOLED', '6GB', 'Snapdragon 778G', '128GB', 'Android 12', '16MP', '108MP + 8MP + 2MP', 'admin', '2025-06-23 11:57:37', 'https://cdn.viettablet.com/images/thumbnails/480/516/detailed/59/xiaomi-poco-x5-pro.png', 'hot'),
(30, 13, 3, 'Redmi 12C', 'XIAOMI#10', 2990000, 2690000, 1000, 'còn hàng', '<h2>Redmi 12C là lựa chọn lý tưởng cho người cần một thiết bị giá rẻ nhưng ổn định. Với chip Helio G85, camera 50MP và pin 5000mAh, chiếc máy này đáp ứng tốt các nhu cầu cơ bản như gọi điện, nhắn tin, học online và xem video nhẹ nhàng.</h2>', '6.71 inch IPS LCD', '4GB', 'Helio G85', '64GB', 'Android 12', '5MP', '50MP + 0.08MP', 'admin', '2025-06-23 11:57:37', 'https://cdn.tgdd.vn/Products/Images/42/303163/xiaomi-redmi-12c-grey-thumb-600x600.jpg', 'hot'),
(31, 13, 4, 'Oppo Find X6 Pro', 'OPPO#01', 27990000, 25990000, 300, 'còn hàng', '<h2>Oppo Find X6 Pro nổi bật với cụm camera siêu lớn, cảm biến 1 inch Sony IMX989 và công nghệ xử lý ảnh Hasselblad cao cấp. Chip Snapdragon 8 Gen 2, màn hình AMOLED 2K 120Hz và thiết kế da cao cấp tạo nên một thiết bị flagship đỉnh cao cả về hiệu năng lẫn trải nghiệm thị giác.</h2>', '6.82 inch AMOLED', '12GB', 'Dimensity 9200', '256GB', 'Android 13', '32MP', '50MP + 50MP + 50MP', 'admin', '2025-06-23 11:57:37', 'https://cdn.tgdd.vn/Products/Images/42/297050/oppo-find-x6-pro-1-600x600.jpg', 'hot'),
(32, 13, 4, 'Oppo Find N2 Flip', 'OPPO#02', 19990000, 18990000, 200, 'còn hàng', '<h2>Find N2 Flip là dòng máy gập dọc thời thượng của Oppo, thiết kế nhỏ gọn khi gập và mở ra thành màn hình lớn 6.8 inch AMOLED. Trang bị chip Dimensity 9000+, camera chất lượng và pin lớn cho thời gian sử dụng bền bỉ – đây là thiết bị dành cho người dùng cá tính, yêu thích công nghệ mới.</h2>', '6.8 inch AMOLED', '8GB', 'Dimensity 9000+', '256GB', 'Android 13', '32MP', '50MP + 8MP', 'admin', '2025-06-23 11:57:37', 'https://didongmango.com/images/products/2023/09/26/large/81ww2rdmvzl_1695711182.jpg', 'hot'),
(33, 13, 4, 'Oppo Reno10 Pro+', 'OPPO#03', 17990000, 16990000, 250, 'còn hàng', '<h2>Reno10 Pro+ mang đến trải nghiệm nhiếp ảnh chuyên nghiệp với camera tele 64MP và khả năng zoom quang học 3x. Máy sử dụng chip Snapdragon 8+ Gen 1, màn hình cong AMOLED 120Hz cùng sạc nhanh SuperVOOC 100W, mang lại tốc độ và sự tiện lợi vượt trội.</h2>', '6.7 inch AMOLED', '12GB', 'Snapdragon 8+ Gen 1', '256GB', 'Android 13', '32MP', '50MP + 64MP + 8MP', 'admin', '2025-06-23 11:57:37', 'https://cdn2.cellphones.com.vn/insecure/rs:fill:0:358/q:90/plain/https://cellphones.com.vn/media/catalog/product/o/p/oppo-reno10-pro-plus-tim.png', 'hot'),
(34, 13, 4, 'Oppo Reno10 5G', 'OPPO#04', 9990000, 9490000, 400, 'còn hàng', '<h2>Oppo Reno10 sở hữu thiết kế thanh lịch, cụm camera đẹp và hiệu năng ổn định với chip Dimensity 7050. Với camera chính 64MP, màn hình AMOLED 120Hz và viên pin 5000mAh hỗ trợ sạc nhanh 67W, đây là chiếc điện thoại rất cân bằng giữa giá cả và tính năng.</h2>', '6.7 inch AMOLED', '8GB', 'Dimensity 7050', '128GB', 'Android 13', '32MP', '64MP + 32MP + 8MP', 'admin', '2025-06-23 11:57:37', 'https://cdn.tgdd.vn/Products/Images/42/309722/oppo-reno10-blue-thumbnew-600x600.jpg', 'hot'),
(35, 13, 4, 'Oppo A98', 'OPPO#05', 8490000, 7990000, 500, 'còn hàng', '<h2>Oppo A98 5G là chiếc smartphone nổi bật nhờ viên pin 5000mAh sạc nhanh 67W và chip Snapdragon 695 mạnh mẽ. Màn hình 120Hz và camera chính 64MP mang đến trải nghiệm ổn định và mượt mà cho cả công việc lẫn giải trí hàng ngày.</h2>', '6.72 inch IPS LCD', '8GB', 'Snapdragon 695', '256GB', 'Android 13', '32MP', '64MP + 2MP + 2MP', 'admin', '2025-06-23 11:57:37', 'https://cdn.tgdd.vn/Products/Images/42/307891/oppo-a98-5g-xanh-thumb-1-2-600x600.jpg', 'hot'),
(36, 13, 4, 'Oppo A78', 'OPPO#06', 6490000, 5990000, 700, 'còn hàng', '<h2>Oppo A78 sở hữu thiết kế bắt mắt, màn hình AMOLED sáng đẹp và chip Dimensity 700 hỗ trợ kết nối 5G. Với viên pin lớn 5000mAh và sạc nhanh 33W, máy đáp ứng tốt nhu cầu sử dụng dài lâu, phù hợp với người dùng phổ thông.</h2>', '6.43 inch AMOLED', '8GB', 'Helio G85', '128GB', 'Android 13', '8MP', '50MP + 2MP', 'admin', '2025-06-23 11:57:37', 'https://cdn.tgdd.vn/Products/Images/42/309847/oppo-a78-xanh-thumb-1-600x600.jpg', 'hot'),
(37, 13, 4, 'Oppo A57', 'OPPO#07', 4490000, 4190000, 800, 'còn hàng', '<h2>Với màn hình lớn 6.72 inch, Oppo A57 mang đến không gian trải nghiệm thoải mái cho học tập và giải trí. Camera 50MP, chip Helio G85 và pin 5000mAh giúp máy vận hành ổn định, phù hợp cho người mới dùng smartphone hoặc học sinh – sinh viên.</h2>', '6.56 inch IPS LCD', '4GB', 'Helio G35', '64GB', 'Android 12', '8MP', '13MP + 2MP', 'admin', '2025-06-23 11:57:37', 'https://cdn2.cellphones.com.vn/insecure/rs:fill:0:358/q:90/plain/https://cellphones.com.vn/media/catalog/product/c/o/combo_a57_-_black_3_2_2_1.jpg', 'hot'),
(38, 13, 4, 'Oppo A17', 'OPPO#08', 3990000, 3590000, 900, 'còn hàng', '<h2>Oppo A17 nổi bật nhờ thiết kế giả da độc đáo, sang trọng trong phân khúc giá rẻ. Camera 50MP chụp hình đẹp, pin 5000mAh bền bỉ và chip Helio G35 giúp thiết bị đáp ứng tốt các tác vụ cơ bản hàng ngày.</h2>', '6.56 inch IPS LCD', '4GB', 'Helio G35', '64GB', 'Android 12', '5MP', '50MP + 2MP', 'admin', '2025-06-23 11:57:37', 'https://cdn.tgdd.vn/Products/Images/42/288401/oppo-a17-den-thumb-600x600.jpg', 'hot'),
(39, 13, 4, 'Oppo A16K', 'OPPO#09', 2990000, 2790000, 1000, 'còn hàng', '<h2>Oppo A16K là chiếc điện thoại giá rẻ dễ tiếp cận với màn hình lớn 6.52 inch, camera 13MP và pin 4230mAh. Với giao diện ColorOS thân thiện và thiết kế trẻ trung, sản phẩm phù hợp cho nhu cầu cơ bản của người dùng mới.</h2>', '6.52 inch IPS LCD', '3GB', 'Helio G35', '32GB', 'Android 11', '5MP', '13MP', 'admin', '2025-06-23 11:57:37', 'https://cdn.tgdd.vn/Products/Images/42/249945/oppo-a16k-thumb1-blue-600x600.jpg', 'hot'),
(40, 13, 4, 'Oppo A15', 'OPPO#10', 2490000, 2290000, 1000, 'còn hàng', '<h2>Điện thoại Oppo A15 được làm từ chất liệu nhựa nên tạo độ nhẹ cho sản phẩm, được thiết kế nhựa nguyên khối giúp cố định các linh kiện bên trong chắc chắn và ổn định hơn, mang đến cảm giác cầm chắc tay hơn. Ngoài ra với mặt lưng được làm từ chất liệu nhựa làm cho thiết bị trở nên bóng loáng và sang trọng hơn. Ngoài ra còn có khả năng hạn chế bám vân tay và bụi bẩn và giúp bạn dễ dàng vệ sinh hơn với hai màu xanh, đen.</h2>', '6.52 inch IPS LCD', '3GB', 'Helio P35', '32GB', 'Android 10', '5MP', '13MP + 2MP + 2MP', 'admin', '2025-06-23 11:57:37', 'https://cdn.tgdd.vn/Products/Images/42/229885/oppo-a15-black-600x600.jpg', 'hot'),
(41, 14, 5, 'iPad Pro 12.9 (2024)', 'IPAD#01', 34990000, 32990000, 100, 'còn hàng', '<h2>iPad Pro 12.9 (2024) tích hợp chip M3 mạnh mẽ cùng màn hình Liquid Retina XDR tuyệt đẹp. Trải nghiệm đa nhiệm tuyệt đỉnh trên màn hình lớn 12.9 inch, cùng camera tiên tiến giúp quay phim, chụp ảnh hay thực hiện các công việc sáng tạo chuyên nghiệp một cách dễ dàng.</h2>', '12.9 inch Liquid Retina XDR', '8GB', 'Apple M3', '256GB', 'iPadOS 17', '12MP', '12MP + LiDAR', 'admin', '2025-06-23 12:17:47', 'https://cdn.tgdd.vn/Products/Images/522/325517/ipad-pro-13-inch-m4-wifi-sliver-thumb-600x600.jpg', 'hot'),
(42, 14, 5, 'iPad Air (2024)', 'IPAD#02', 22990000, 21990000, 150, 'còn hàng', '<h2>iPad Air (2024) mang lại hiệu suất tuyệt vời nhờ chip M2, cùng màn hình Liquid Retina tuyệt đẹp trong thiết kế mỏng nhẹ. Pin bền, hiệu năng cao giúp bạn thỏa sức sáng tạo, ghi chú hay làm việc mọi nơi một cách mượt mà trên iPadOS 17 mới nhất!</h2>', '10.9 inch Liquid Retina', '8GB', 'Apple M2', '128GB', 'iPadOS 17', '12MP', '12MP', 'admin', '2025-06-23 12:17:47', 'https://bizweb.dktcdn.net/thumb/1024x1024/100/459/953/products/ipad-air-6-m2-13inch-purple.jpg', 'hot'),
(43, 14, 5, 'iPad 10.9 (2023)', 'IPAD#03', 15990000, 14990000, 200, 'còn hàng', '<h2>iPad 10.9 (2023) sở hữu màn hình Liquid Retina tuyệt đẹp cùng hiệu năng mạnh mẽ từ chip A14 Bionic. Phù hợp cho mọi nhu cầu từ học tập, làm việc đến giải trí hàng ngày. Thiết kế mỏng nhẹ giúp dễ dàng mang theo mọi nơi!</h2>', '10.9 inch Liquid Retina', '4GB', 'Apple A14 Bionic', '64GB', 'iPadOS 17', '12MP', '12MP', 'admin', '2025-06-23 12:17:47', 'https://cdn2.cellphones.com.vn/insecure/rs:fill:358:358/q:90/plain/https://cellphones.com.vn/media/catalog/product/i/p/ipad-2022-hero-silver-wifi-select_1_2.png', 'hot'),
(44, 14, 5, 'iPad Mini 6', 'IPAD#04', 13990000, 12990000, 100, 'còn hàng', '<h2>iPad Mini 6 nổi bật nhờ kích thước gọn nhẹ cùng hiệu năng tuyệt vời nhờ chip A15 Bionic. Màn hình Liquid Retina 8.3 inch tuyệt đẹp cùng hỗ trợ Apple Pencil thế hệ 2 giúp ghi chú, vẽ vời mọi lúc mọi nơi vô cùng tiện lợi!</h2>', '8.3 inch Liquid Retina', '4GB', 'Apple A15 Bionic', '64GB', 'iPadOS 16', '12MP', '12MP', 'admin', '2025-06-23 12:17:47', 'https://product.hstatic.net/1000063620/product/ipad-mini-6-den_e0c5c0233920430da1f17c2ed4993184.jpg', 'hot'),
(45, 14, 5, 'iPad 9 (2021)', 'IPAD#05', 10990000, 9990000, 300, 'còn hàng', '<h2>iPad 9 (2021) vẫn là lựa chọn tuyệt vời trong phân khúc tablet nhờ chip A13 Bionic cùng màn hình Retina tuyệt đẹp. Pin dung lượng cao cùng camera trước góc rộng giúp học online, làm việc từ xa hay tận hưởng giải trí đều rất mượt mà!</h2>', '10.2 inch Retina', '3GB', 'Apple A13 Bionic', '64GB', 'iPadOS 15', '12MP', '8MP', 'admin', '2025-06-23 12:17:47', 'https://www.didongmy.com/vnt_upload/product/09_2021/iphone13/thumbs/600_crop_ipad-gen-9-10.2-inch-2021-silver.jpg', 'hot'),
(46, 14, 5, 'iPad Pro 11 (2022)', 'IPAD#06', 29990000, 27990000, 100, 'còn hàng', '<h2>iPad Pro 11 (2022) mang hiệu năng đỉnh cao nhờ chip M2 cùng màn hình Liquid Retina tuyệt đẹp. Camera kép tích hợp LiDAR giúp tạo ảnh AR tuyệt đỉnh. Pin lâu dài cùng hiệu năng tuyệt vời giúp phục vụ công việc sáng tạo hay học tập mọi lúc mọi nơi!</h2>', '11 inch Liquid Retina', '8GB', 'Apple M2', '128GB', 'iPadOS 16', '12MP', '12MP + LiDAR', 'admin', '2025-06-23 12:17:47', 'https://product.hstatic.net/1000259254/product/ipad-pro-11-spacegray_f2f1e8db8eb54d2aa2e03be0c3dd5c54_master.jpg', 'hot'),
(47, 14, 5, 'iPad Air (2022) 5G', 'IPAD#07', 20990000, 19990000, 150, 'còn hàng', '<h2>iPad Air (2022) tích hợp chip M1 giúp hiệu năng đạt mức tuyệt vời trên tablet. Hỗ trợ kết nối 5G cùng màn hình Liquid Retina tuyệt đẹp. Pin dung lượng lớn cùng hiệu suất tuyệt vời giúp làm việc hay sáng tạo trên iPad nhanh, mượt mà mọi nơi mọi lúc!</h2>', '10.9 inch Liquid Retina', '8GB', 'Apple M1', '256GB', 'iPadOS 15', '12MP', '12MP', 'admin', '2025-06-23 12:17:47', 'https://cdn2.cellphones.com.vn/insecure/rs:fill:0:358/q:90/plain/https://cellphones.com.vn/media/catalog/product/i/p/ipad-air-5.png', 'hot'),
(48, 14, 5, 'iPad 10 (2022) 5G', 'IPAD#08', 18990000, 17990000, 200, 'còn hàng', '<h2>iPad 10 (2022) kết nối 5G, màn hình Liquid Retina tuyệt đẹp cùng hiệu năng A14 Bionic mạnh mẽ. Chiếc tablet phù hợp cho mọi nhu cầu từ học tập, làm việc online hay giải trí hàng ngày. Thiết kế mỏng nhẹ dễ di chuyển!</h2>', '10.9 inch Liquid Retina', '4GB', 'Apple A14 Bionic', '64GB', 'iPadOS 16', '12MP', '12MP', 'admin', '2025-06-23 12:17:47', 'https://cdn2.cellphones.com.vn/insecure/rs:fill:0:358/q:90/plain/https://cellphones.com.vn/media/catalog/product/i/p/ipad-2022-hero-blue-wifi-select.png', 'hot'),
(49, 14, 5, 'iPad 9 (2021) 256GB', 'IPAD#09', 12990000, 11990000, 100, 'còn hàng', '<h2>iPad 9 (2021) dung lượng 256GB giúp lưu trữ tài liệu, video hay ảnh không giới hạn. Bộ xử lý A13 Bionic giúp mọi tác vụ mượt mà, phù hợp để học online hay sáng tạo trên iPad. Trợ thủ tuyệt vời trong tầm tay bạn!</h2>', '10.2 inch Retina', '3GB', 'Apple A13 Bionic', '256GB', 'iPadOS 15', '12MP', '8MP', 'admin', '2025-06-23 12:17:47', 'https://nama.vn/img/upload/images/products/Apple/iPad/Gen%209/spacegray.png', 'hot'),
(50, 14, 5, 'iPad Mini 5 (2019)', 'IPAD#10', 8990000, 8490000, 300, 'còn hàng', '<h2>iPad Mini 5 (2019) vẫn là lựa chọn tuyệt vời trong tầm giá nhờ hiệu năng chip A12 Bionic cùng màn hình Retina tuyệt đẹp. Kích thước nhỏ gọn giúp dễ mang theo bên mình, phù hợp cho nhu cầu đọc sách, ghi chú hay xem phim trên iPadOS mượt mà!</h2>', '7.9 inch Retina', '3GB', 'Apple A12 Bionic', '64GB', 'iPadOS 15', '7MP', '8MP', 'admin', '2025-06-23 12:17:47', 'https://cdn2.cellphones.com.vn/insecure/rs:fill:0:358/q:90/plain/https://cellphones.com.vn/media/catalog/product/a/p/apple-ipad-mini-5-wifi-64-gb.jpg', 'hot'),
(51, 14, 2, 'Galaxy Tab S9 Ultra', 'SAMSUNG#01', 32990000, 30990000, 100, 'còn hàng', '<h2>Galaxy Tab S9 Ultra mang đẳng cấp flagship cùng màn hình Dynamic AMOLED 2X 14.6 inch tuyệt đẹp. Hiệu năng vượt trội nhờ Snapdragon 8 Gen 2 cùng bút S-Pen tích hợp giúp thao tác ghi chú, vẽ vời hay làm việc đa nhiệm trên tablet trở nên tuyệt vời hơn bao giờ hết!</h2>', '14.6 inch AMOLED', '12GB', 'Snapdragon 8 Gen 2', '256GB', 'Android 13', '12MP', '13MP + 8MP', 'admin', '2025-06-23 12:17:47', 'https://cdn.tgdd.vn/Products/Images/522/307180/samsung-galaxy-tab-s9-ultra-kem-thumb-600x600.jpg', 'hot'),
(52, 14, 2, 'Galaxy Tab S9+', 'SAMSUNG#02', 24990000, 22990000, 150, 'còn hàng', '<h2>Galaxy Tab S9+ kết hợp màn hình Super AMOLED 12.4 inch tuyệt đẹp cùng hiệu suất đỉnh cao nhờ Snapdragon 8 Gen 2. Pin dung lượng lớn cùng S-Pen giúp trải nghiệm đa nhiệm, vẽ và làm việc trên tablet mượt mà, trọn vẹn suốt ngày dài!</h2>', '12.4 inch AMOLED', '12GB', 'Snapdragon 8 Gen 2', '256GB', 'Android 13', '12MP', '13MP + 8MP', 'admin', '2025-06-23 12:17:47', 'https://cdn.tgdd.vn/Products/Images/522/307178/samsung-galaxy-tab-s9-plus-kem-thumbnew-600x600.jpg', 'hot'),
(53, 14, 2, 'Galaxy Tab S9', 'SAMSUNG#03', 18990000, 17990000, 200, 'còn hàng', '<h2>Galaxy Tab S9 sở hữu hiệu năng cao cùng màn hình AMOLED 120Hz tuyệt đẹp, giúp trải nghiệm làm việc, xem phim hay học online đều tuyệt vời. Kiểu dáng mỏng nhẹ, dễ mang theo cùng hệ sinh thái Samsung tiện ích tuyệt đỉnh!</h2>', '11 inch AMOLED', '8GB', 'Snapdragon 8 Gen 2', '128GB', 'Android 13', '12MP', '13MP', 'admin', '2025-06-23 12:17:47', 'https://cdn.tgdd.vn/Products/Images/522/303299/samsung-galaxy-tab-s9-grey-thumbnew-600x600.jpg', 'hot'),
(54, 14, 2, 'Galaxy Tab S8 Ultra', 'SAMSUNG#04', 30990000, 28990000, 100, 'còn hàng', '<h2>Galaxy Tab S8 Ultra là tablet cao cấp sở hữu màn hình Super AMOLED khổng lồ 14.6 inch tuyệt đẹp. Chip Snapdragon 8 Gen 1 cùng RAM 12GB mang lại hiệu năng tuyệt đỉnh giúp làm việc đa nhiệm, chỉnh video hay vẽ trên tablet vô cùng mượt mà!</h2>', '14.6 inch Super AMOLED', '12GB', 'Snapdragon 8 Gen 1', '256GB', 'Android 12L', '12MP', '13MP + 6MP', 'admin', '2025-06-23 12:17:47', 'https://cdn2.cellphones.com.vn/insecure/rs:fill:358:358/q:90/plain/https://cellphones.com.vn/media/catalog/product/s/a/samsung-galaxy-tab-s8-plus_1_.png', 'hot'),
(55, 14, 2, 'Galaxy Tab S8+', 'SAMSUNG#05', 22990000, 20990000, 150, 'còn hàng', '<h2>Galaxy Tab S8+ đem lại hiệu suất tuyệt đỉnh nhờ chip Snapdragon 8 Gen 1 cùng màn hình Super AMOLED tuyệt đẹp 12.4 inch. Hoàn hảo cho nhu cầu học tập, sáng tạo hay giải trí mọi nơi mọi lúc!</h2>', '12.4 inch Super AMOLED', '12GB', 'Snapdragon 8 Gen 1', '256GB', 'Android 12L', '12MP', '13MP + 6MP', 'admin', '2025-06-23 12:17:47', 'https://cdn.tgdd.vn/Products/Images/522/247512/Tab-S8+-Black-1-600x600.jpeg', 'hot'),
(56, 14, 2, 'Galaxy Tab A8', 'SAMSUNG#06', 7990000, 7490000, 300, 'còn hàng', '<h2>Galaxy Tab A8 mang lại trải nghiệm tuyệt vời trong tầm giá phù hợp nhờ màn hình lớn 10.5 inch cùng hiệu năng đủ mạnh để phục vụ học tập online, xem phim hay chơi game nhẹ. Pin dung lượng cao giúp sử dụng cả ngày dài mà không lo hết!</h2>', '10.5 inch TFT', '4GB', 'Unisoc T618', '64GB', 'Android 12', '5MP', '8MP', 'admin', '2025-06-23 12:17:47', 'https://cdn.tgdd.vn/Products/Images/522/251704/samsung-galaxy-tab-a8-thumb-600x600.jpg', 'hot'),
(57, 14, 2, 'Galaxy Tab A7 Lite', 'SAMSUNG#07', 3990000, 3590000, 500, 'còn hàng', '<h2>Galaxy Tab A7 Lite phù hợp cho nhu cầu học tập online hay giải trí nhẹ nhàng. Màn hình 8.7 inch gọn gàng cùng hiệu năng ổn định giúp tablet dễ mang theo mọi nơi. Pin dung lượng lớn đủ dùng cả ngày dài, phù hợp mọi đối tượng!</h2>', '8.7 inch TFT', '3GB', 'MediaTek MT8768T', '32GB', 'Android 11', '2MP', '8MP', 'admin', '2025-06-23 12:17:47', 'https://cdn.tgdd.vn/Products/Images/522/237325/samsung-galaxy-tab-a7-lite-gray-600x600.jpg', 'hot'),
(58, 14, 2, 'Galaxy Tab A9+', 'SAMSUNG#08', 10990000, 9990000, 300, 'còn hàng', '<h2>Galaxy Tab A9+ nổi bật với màn hình lớn 11 inch cùng hiệu năng tuyệt vời trong tầm giá nhờ chip Snapdragon 695. Pin 7040mAh giúp tablet hoạt động cả ngày dài, phù hợp để làm việc, học tập online hay tận hưởng phim ảnh mọi nơi!</h2>', '11 inch TFT', '4GB', 'Snapdragon 695', '128GB', 'Android 13', '5MP', '8MP', 'admin', '2025-06-23 12:17:47', 'https://cdn.tgdd.vn/Products/Images/522/317623/samsung-galaxy-a9-plus-den-thumb-600x600.jpg', 'hot'),
(59, 14, 2, 'Galaxy Tab A9', 'SAMSUNG#09', 8490000, 7990000, 300, 'còn hàng', '<h2>Galaxy Tab A9 là lựa chọn tuyệt vời trong tầm trung nhờ màn hình lớn, hiệu năng mượt mà cùng chip MediaTek G99. Phục vụ nhu cầu học tập, làm việc cơ bản hay thưởng thức phim ảnh trên tablet tuyệt vời!</h2>', '10.5 inch TFT', '4GB', 'MediaTek G99', '64GB', 'Android 13', '5MP', '8MP', 'admin', '2025-06-23 12:17:47', 'https://cdn.tgdd.vn/Products/Images/522/315390/samsung-galaxy-tab-a9-den-thumb-600x600.jpg', 'hot'),
(60, 14, 2, 'Galaxy Tab S6 Lite (2022)', 'SAMSUNG#10', 9490000, 8990000, 300, 'còn hàng', '<h2>Galaxy Tab S6 Lite (2022) đem lại hiệu năng ổn định cùng bút S-Pen tích hợp tuyệt vời cho việc ghi chú, học tập hay sáng tạo. Màn hình lớn cùng chip Snapdragon giúp chạy mượt nhiều tác vụ cùng lúc trên tablet tuyệt vời!</h2>', '10.4 inch TFT', '4GB', 'Snapdragon 720G', '64GB', 'Android 12', '5MP', '8MP', 'admin', '2025-06-23 12:17:47', 'https://cdn2.cellphones.com.vn/insecure/rs:fill:0:358/q:90/plain/https://cellphones.com.vn/media/catalog/product/s/a/samsung-galaxy-tab-s6-lite_3_.png', 'hot'),
(61, 14, 3, 'Xiaomi Pad 6 Pro', 'XIAOMI#01', 12990000, 11990000, 100, 'còn hàng', '<h2>Xiaomi Pad 6 Pro mang trong mình hiệu năng tuyệt đỉnh nhờ chip Snapdragon 8+ Gen 1 cùng màn hình 11 inch 2.8K 144Hz tuyệt đẹp. Pin 8600mAh cùng sạc nhanh 67W giúp bạn tận hưởng trải nghiệm đa nhiệm, chơi game hay sáng tạo trên tablet suốt ngày dài!</h2>', '11 inch IPS 2.8K 144Hz', '8GB', 'Snapdragon 8+ Gen 1', '256GB', 'Android 13', '20MP', '50MP + 2MP', 'admin', '2025-06-23 12:17:47', 'https://cdn2.cellphones.com.vn/insecure/rs:fill:0:358/q:90/plain/https://cellphones.com.vn/media/catalog/product/m/a/may-tinh-bang-xiaomi-pad-6s-pro_1.png', 'hot'),
(62, 14, 3, 'Xiaomi Pad 6', 'XIAOMI#02', 9990000, 9490000, 150, 'còn hàng', '<h2>Xiaomi Pad 6 đem lại hiệu suất tuyệt vời nhờ chip Snapdragon 870 cùng màn hình 2.8K 144Hz. Pin lớn cùng khả năng sạc nhanh 33W giúp mọi tác vụ học tập, làm việc hay xem phim trên tablet diễn ra mượt mà, sống động trên màn hình tuyệt đẹp!</h2>', '11 inch IPS 2.8K 144Hz', '8GB', 'Snapdragon 870', '128GB', 'Android 13', '8MP', '13MP', 'admin', '2025-06-23 12:17:47', 'https://cdn2.cellphones.com.vn/insecure/rs:fill:0:358/q:90/plain/https://cellphones.com.vn/media/catalog/product/x/i/xiaomi-mi-pad-6-8gb-128gb_4__1.jpg', 'hot'),
(63, 14, 3, 'Xiaomi Pad 5 Pro', 'XIAOMI#03', 9490000, 8990000, 200, 'còn hàng', '<h2>Xiaomi Pad 5 Pro mang lại hiệu năng tuyệt đỉnh cùng màn hình 120Hz tuyệt đẹp. Chip Snapdragon 870 giúp chạy đa nhiệm, chỉnh video hay chơi game mượt mà trên tablet. Kiểu dáng mỏng nhẹ cùng pin dung lượng cao giúp sử dụng cả ngày dài!</h2>', '11 inch IPS 120Hz', '6GB', 'Snapdragon 870', '128GB', 'Android 12', '8MP', '13MP', 'admin', '2025-06-23 12:17:47', 'https://cdn.tgdd.vn/Products/Images/522/248751/xiaomi-mi-pad-5-pro-600x600.jpg', 'hot'),
(64, 14, 3, 'Xiaomi Pad 5', 'XIAOMI#04', 8490000, 7990000, 250, 'còn hàng', '<h2>Xiaomi Pad 5 vẫn là lựa chọn tuyệt vời trong tầm giá nhờ màn hình 120Hz tuyệt đẹp cùng hiệu năng Snapdragon 860. Phù hợp để học online, giải trí hay làm việc nhờ kích thước phù hợp cùng pin dung lượng cao!</h2>', '11 inch IPS 120Hz', '6GB', 'Snapdragon 860', '128GB', 'Android 12', '8MP', '13MP', 'admin', '2025-06-23 12:17:47', 'https://product.hstatic.net/200000547447/product/mipad-5-pro_6a0622c68c234bcb9fe7845667db2b5e_dff93ec60b564e5f9d5af85d78499585_master.jpg', 'hot'),
(65, 14, 3, 'Xiaomi Redmi Pad SE', 'XIAOMI#05', 5990000, 5490000, 300, 'còn hàng', '<h2>Redmi Pad SE đem lại trải nghiệm tuyệt vời trên màn hình lớn 11 inch 90Hz cùng chip Snapdragon 680 mạnh mẽ. Pin dung lượng cao giúp sử dụng liên tục trong ngày dài, phù hợp cho cả học tập, làm việc và giải trí!</h2>', '11 inch IPS 90Hz', '4GB', 'Snapdragon 680', '128GB', 'Android 13', '5MP', '8MP', 'admin', '2025-06-23 12:17:47', 'https://cdn2.cellphones.com.vn/insecure/rs:fill:0:358/q:90/plain/https://cellphones.com.vn/media/catalog/product/r/e/redmi-ad-se-tim_3_1.png', 'hot'),
(66, 14, 3, 'Xiaomi Mi Pad 4 Plus', 'XIAOMI#06', 5490000, 4990000, 300, 'còn hàng', '<h2>Xiaomi Mi Pad 4 Plus là lựa chọn tuyệt vời trong phân khúc tầm trung nhờ màn hình lớn, hiệu năng ổn định cùng pin dung lượng cao. Thiết kế mỏng nhẹ phù hợp để làm việc, học online hay giải trí mọi nơi!</h2>', '10.1 inch IPS', '4GB', 'Snapdragon 660', '64GB', 'Android 9', '5MP', '13MP', 'admin', '2025-06-23 12:17:47', 'https://cdn.viettablet.com/images/thumbnails/480/516/detailed/26/xiaomi-mi-pad-4-plus-chinh-hang-xach-tay-vtb-3.jpg', 'hot'),
(67, 14, 3, 'Xiaomi Mi Pad 4', 'XIAOMI#07', 4590000, 4290000, 400, 'còn hàng', '<h2>Xiaomi Mi Pad 4 phù hợp cho nhu cầu sử dụng hàng ngày nhờ hiệu năng đủ mạnh từ Snapdragon 660 cùng màn hình IPS sáng đẹp. Pin dung lượng cao giúp máy phục vụ nhu cầu học online, xem phim hay chơi game nhẹ tuyệt vời!</h2>', '8 inch IPS', '3GB', 'Snapdragon 660', '64GB', 'Android 9', '5MP', '13MP', 'admin', '2025-06-23 12:17:47', 'https://cdn.viettablet.com/images/thumbnails/480/521/detailed/26/xiaomi-mi-pad-4-32gb-chinh-hang-xach-tay-viettablet.jpg', 'hot'),
(68, 14, 3, 'Xiaomi Mi Pad 3', 'XIAOMI#08', 4290000, 3990000, 500, 'còn hàng', '<h2>Xiaomi Mi Pad 3 vẫn là lựa chọn tuyệt vời trong tầm giá phù hợp nhờ hiệu năng MediaTek cùng màn hình sáng đẹp. Phục vụ nhu cầu học online, lướt web hay xem phim mượt mà cùng dung lượng pin cao!</h2>', '7.9 inch IPS', '4GB', 'MT8176', '64GB', 'Android 7.0', '5MP', '13MP', 'admin', '2025-06-23 12:17:47', 'https://cdn.tgdd.vn/Files/2017/04/05/968960/mi-pad-3-1_600x649.jpg', 'hot'),
(69, 14, 3, 'Xiaomi Mi Pad 2', 'XIAOMI#09', 3490000, 3290000, 600, 'còn hàng', '<h2>Xiaomi Mi Pad 2 phù hợp trong tầm phân khúc tablet giá rẻ nhờ hiệu năng ổn định cùng màn hình sáng đẹp. Phù hợp để duyệt web, học online hay xem phim trên tablet mượt mà trong nhiều giờ liên tục!</h2>', '7.9 inch IPS', '2GB', 'Intel Atom X5-Z8500', '32GB', 'Android 5.1', '5MP', '8MP', 'admin', '2025-06-23 12:17:47', 'https://cdn2.cellphones.com.vn/x/media/catalog/product/x/i/xiaomi-note-12-pro-plus_5_.jpg', 'hot'),
(70, 14, 3, 'Xiaomi Mi Pad', 'XIAOMI#10', 2990000, 2790000, 800, 'còn hàng', '<h2>Xiaomi Mi Pad thế hệ đầu vẫn là lựa chọn tuyệt vời trong tầm giá thấp nhờ màn hình IPS tuyệt đẹp cùng hiệu năng đủ mạnh. Phù hợp để phục vụ nhu cầu học online, đọc báo, nghe nhạc hay xem video trên tablet mỗi ngày!</h2>', '7.9 inch IPS', '2GB', 'NVIDIA Tegra K1', '16GB', 'Android 4.4', '5MP', '8MP', 'admin', '2025-06-23 12:17:47', 'https://product.hstatic.net/1000379792/product/redmi-pad-pro-hai-phong-3_d96f997769ef4862a52bee13f40f78c9.jpg', 'hot'),
(71, 14, 6, 'Huawei MatePad Pro 12.6', 'HUAWEI#01', 21990000, 20990000, 100, 'còn hàng', '<h2>Huawei MatePad Pro 12.6 đem lại trải nghiệm tuyệt vời trên màn hình OLED tuyệt đẹp cùng hiệu năng cao nhờ chip Kirin 9000E. Pin dung lượng lớn cùng khả năng sạc nhanh giúp tablet phục vụ mọi nhu cầu sáng tạo, học tập hay làm việc cả ngày dài!</h2>', '12.6 inch OLED', '8GB', 'Kirin 9000E', '256GB', 'HarmonyOS 3', '8MP', '13MP + 8MP', 'admin', '2025-06-23 12:17:47', 'https://cdn.tgdd.vn/Products/Images/522/245217/huawei-matepad-pro-129-2021-600x600.jpg', 'hot'),
(72, 14, 6, 'Huawei MatePad 11', 'HUAWEI#02', 12990000, 11990000, 150, 'còn hàng', '<h2>Huawei MatePad 11 nổi bật nhờ màn hình IPS 120Hz tuyệt đẹp cùng hiệu năng mạnh mẽ từ Snapdragon 865. Thiết kế mỏng nhẹ phù hợp để phục vụ nhu cầu làm việc, học online hay tận hưởng thế giới giải trí tuyệt vời trên tablet!</h2>', '11 inch IPS 120Hz', '6GB', 'Snapdragon 865', '128GB', 'HarmonyOS 3', '8MP', '13MP', 'admin', '2025-06-23 12:17:47', 'https://cdn2.cellphones.com.vn/x/media/catalog/product/m/a/may-tinh-bang-huawei-matepad-11-5-s_1_1.png', 'hot'),
(73, 14, 6, 'Huawei MatePad SE 10.4', 'HUAWEI#03', 8490000, 7990000, 200, 'còn hàng', '<h2>Huawei MatePad SE 10.4 phù hợp trong tầm giá nhờ hiệu năng ổn định cùng màn hình IPS tuyệt đẹp. Pin dung lượng cao giúp phục vụ nhu cầu học online, làm việc hay xem phim trên tablet trong nhiều giờ liên tục!</h2>', '10.4 inch IPS', '4GB', 'Kirin 710A', '64GB', 'HarmonyOS 2', '2MP', '5MP', 'admin', '2025-06-23 12:17:47', 'https://cdn2.cellphones.com.vn/insecure/rs:fill:0:358/q:90/plain/https://cellphones.com.vn/media/catalog/product/h/w/hww.jpg', 'hot'),
(74, 14, 6, 'Huawei MatePad 10.8', 'HUAWEI#04', 10990000, 9990000, 300, 'còn hàng', '<h2>Huawei MatePad 10.8 mang lại hiệu suất tuyệt vời cùng màn hình IPS tuyệt đẹp và chip Kirin 990 mạnh mẽ. Phù hợp để làm việc đa nhiệm, xem phim, đọc sách hay lướt web trên tablet mượt mà suốt ngày dài!</h2>', '10.8 inch IPS', '6GB', 'Kirin 990', '128GB', 'HarmonyOS 2', '8MP', '13MP', 'admin', '2025-06-23 12:17:47', 'https://cdn.tgdd.vn/Products/Images/522/227064/huawei-matepad-108-100120-010152-600x600.jpg', 'hot'),
(75, 14, 6, 'Huawei MatePad T10', 'HUAWEI#05', 5490000, 4990000, 300, 'còn hàng', '<h2>Huawei MatePad T10 phù hợp trong tầm giá nhờ hiệu năng đủ mạnh cùng màn hình IPS sáng rõ. Pin dung lượng cao giúp sử dụng cả ngày dài để phục vụ nhu cầu học online, đọc sách hay tận hưởng phim ảnh tuyệt vời!</h2>', '9.7 inch IPS', '2GB', 'Kirin 710A', '32GB', 'Android 10 (EMUI 10.1)', '2MP', '5MP', 'admin', '2025-06-23 12:17:47', 'https://cdn.tgdd.vn/Products/Images/522/241051/Huawei-MatePad-T10-1-2-600x600.jpg', 'hot'),
(76, 14, 6, 'Huawei MatePad T8', 'HUAWEI#06', 3290000, 2990000, 500, 'còn hàng', '<h2>Huawei MatePad T8 đem lại hiệu năng đủ để đáp ứng nhu cầu học online, đọc báo hay xem phim hàng ngày trên màn hình IPS tuyệt đẹp. Pin dung lượng cao giúp tablet hoạt động liên tục nhiều giờ không lo gián đoạn!</h2>', '8 inch IPS', '2GB', 'MT8768', '32GB', 'Android 10 (EMUI 10.1)', '2MP', '5MP', 'admin', '2025-06-23 12:17:47', 'https://cdn.tgdd.vn/Products/Images/522/223131/huawei-matepad-t8-xanh-600x600.jpg', 'hot'),
(77, 14, 6, 'Huawei MatePad C5E', 'HUAWEI#07', 4490000, 4290000, 600, 'còn hàng', '<h2>Huawei MatePad C5E là lựa chọn phù hợp trong tầm giá thấp nhờ hiệu năng đủ để phục vụ nhu cầu học online, làm việc hay xem phim hàng ngày trên màn hình IPS tuyệt đẹp cùng pin dung lượng cao!</h2>', '10.1 inch IPS', '3GB', 'Kirin 710A', '64GB', 'HarmonyOS 2', '5MP', '8MP', 'admin', '2025-06-23 12:17:47', 'https://product.hstatic.net/1000120104/product/wmc0741_3423002d260249f0b74f911335ca0843_master.jpg', 'hot'),
(78, 14, 6, 'Huawei MatePad Air', 'HUAWEI#08', 15990000, 14990000, 100, 'còn hàng', '<h2>Huawei MatePad Air đem lại trải nghiệm tuyệt vời nhờ màn hình IPS 144Hz tuyệt đẹp cùng hiệu năng tuyệt đỉnh từ chip Snapdragon 888. Pin dung lượng cao cùng HarmonyOS giúp đa nhiệm, làm việc sáng tạo hay tận hưởng thế giới giải trí tuyệt vời!</h2>', '11.5 inch IPS 144Hz', '8GB', 'Snapdragon 888', '256GB', 'HarmonyOS 3', '8MP', '13MP', 'admin', '2025-06-23 12:17:47', 'https://didongviet.vn/_next/image?url=https%3A%2F%2Fcdn-v2.didongviet.vn%2Ffiles%2Fproducts%2F2024%2F7%2F5%2F1%2F1722875348959_label_78.png&w=1920&q=75', 'hot'),
(79, 14, 6, 'Huawei MatePad Paper', 'HUAWEI#09', 11990000, 10990000, 200, 'còn hàng', '<h2>Huawei MatePad Paper đem lại trải nghiệm tuyệt vời nhờ màn hình e-ink 10.3 inch phù hợp để đọc sách, ghi chú hay vẽ trên tablet. Pin dung lượng cao cùng HarmonyOS giúp sử dụng cả ngày dài trên một thiết bị tuyệt đỉnh!</h2>', '10.3 inch e-ink', '4GB', 'Kirin 820E', '64GB', 'HarmonyOS 2', '2MP', '5MP', 'admin', '2025-06-23 12:17:47', 'https://m.media-amazon.com/images/I/51B7RgIpOrL.jpg', 'hot'),
(80, 14, 6, 'Huawei MatePad SE', 'HUAWEI#10', 7290000, 6790000, 300, 'còn hàng', '<h2>Huawei MatePad SE phù hợp trong tầm giá nhờ hiệu năng đủ mạnh cùng màn hình IPS tuyệt đẹp. Pin dung lượng cao giúp sử dụng cả ngày dài để phục vụ nhu cầu học online, làm việc hay tận hưởng thế giới phim ảnh trên tablet tuyệt vời!</h2>', '10.4 inch IPS', '3GB', 'Kirin 710A', '64GB', 'HarmonyOS 2', '2MP', '5MP', 'admin', '2025-06-23 12:17:47', 'https://cdn2.cellphones.com.vn/insecure/rs:fill:0:358/q:90/plain/https://cellphones.com.vn/media/catalog/product/m/a/may-tinh-bang-huawei-matepad-se-11-inch-co-but.png', 'hot'),
(81, 12, 7, 'MacBook Air M2 13\"', 'MAC#01', 29990000, 28990000, 100, 'còn hàng', '<h2>MacBook Air M2 đem lại hiệu năng tuyệt đỉnh trong thiết kế siêu mỏng nhẹ. Chip M2 cùng màn hình Liquid Retina tuyệt đẹp giúp mọi tác vụ từ làm việc, học tập hay sáng tạo đều diễn ra nhanh chóng, mượt mà và hiệu quả tuyệt vời!</h2>', '13.6 inch Liquid Retina', '8GB', 'Apple M2', '256GB SSD', 'macOS 14', '1080p FaceTime', 'N/A', 'admin', '2025-06-23 12:42:20', 'https://cdn.tgdd.vn/Products/Images/44/282827/apple-macbook-air-m2-2022-01-750x500.jpg', 'hot'),
(82, 12, 7, 'MacBook Pro M2 14\"', 'MAC#02', 45990000, 43990000, 100, 'còn hàng', '<h2>MacBook Pro M2 14 inch mang lại hiệu suất đỉnh cao nhờ chip M2 Pro cùng màn hình Liquid Retina XDR tuyệt đẹp. Hoàn hảo cho lập trình, chỉnh video, thiết kế 3D hay tác vụ đòi hỏi hiệu năng cao trong nhiều giờ liền!</h2>', '14.2 inch Liquid Retina XDR', '16GB', 'Apple M2 Pro', '512GB SSD', 'macOS 14', '1080p FaceTime', 'N/A', 'admin', '2025-06-23 12:42:20', 'https://maytinhcdc.vn/media/product/7074_pro_4__01_.jpg', 'hot'),
(83, 12, 7, 'MacBook Pro M3 16\"', 'MAC#03', 67990000, 65990000, 100, 'còn hàng', '<h2>MacBook Pro M3 16 inch đem lại hiệu năng tuyệt đỉnh cùng chip M3 mới nhất, phục vụ nhu cầu sáng tạo nội dung, đồ họa 3D hay lập trình đa nhiệm trên màn hình Liquid Retina XDR tuyệt đẹp. Trải nghiệm tuyệt vời trong mọi chi tiết!</h2>', '16.2 inch Liquid Retina XDR', '32GB', 'Apple M3', '1TB SSD', 'macOS 14', '1080p FaceTime', 'N/A', 'admin', '2025-06-23 12:42:20', 'https://www.phucanh.vn/media/news/0111_MacBookProM4anh8.jpeg', 'hot'),
(84, 12, 7, 'MacBook Air M1 2020', 'MAC#04', 22990000, 20990000, 150, 'còn hàng', '<h2>MacBook Air M1 vẫn là lựa chọn tuyệt vời trong tầm giá nhờ hiệu năng tuyệt đỉnh cùng thiết kế mỏng nhẹ. Pin siêu dài cùng chip M1 giúp làm việc hay học tập liên tục mà vẫn tiết kiệm năng lượng tuyệt vời!</h2>', '13.3 inch Retina', '8GB', 'Apple M1', '256GB SSD', 'macOS 14', '720p FaceTime', 'N/A', 'admin', '2025-06-23 12:42:20', 'https://cdn.tgdd.vn/Products/Images/44/231244/grey-1-750x500.jpg', 'hot'),
(85, 12, 7, 'MacBook Pro M1 2020', 'MAC#05', 32990000, 30990000, 100, 'còn hàng', '<h2>MacBook Pro M1 mang lại hiệu năng tuyệt đỉnh cùng màn hình Retina tuyệt đẹp. Pin dài cùng hiệu suất tuyệt vời giúp phục vụ nhu cầu làm việc, chỉnh video, lập trình hay sáng tạo một cách mượt mà tuyệt đối!</h2>', '13.3 inch Retina', '8GB', 'Apple M1', '512GB SSD', 'macOS 14', '720p FaceTime', 'N/A', 'admin', '2025-06-23 12:42:20', 'https://product.hstatic.net/1000377277/product/macbook-air-gold-m1-2020_5a74bc4968cf45dfba17b2677832e521_master.jpeg', 'hot'),
(86, 12, 7, 'MacBook Pro M3 14\"', 'MAC#06', 49990000, 47990000, 100, 'còn hàng', '<h2>MacBook Pro M3 14 inch đem lại hiệu suất tuyệt vời cùng chip M3 mới nhất. Màn hình Liquid Retina tuyệt đẹp cùng pin dung lượng cao giúp phục vụ mọi tác vụ chỉnh video, lập trình hay làm việc đa nhiệm tuyệt vời!</h2>', '14.2 inch Liquid Retina XDR', '16GB', 'Apple M3', '512GB SSD', 'macOS 14', '1080p FaceTime', 'N/A', 'admin', '2025-06-23 12:42:20', 'https://image.vnbackup.com/jWbZ2wqV9LOq6hHca2e7f00c111bba31/mbp14-spacegray-gallery2-202310.jfif', 'hot');
INSERT INTO `tbl_product` (`id`, `id_category`, `id_brand`, `name`, `code`, `price`, `promotional_price`, `quantity`, `status`, `description`, `screen`, `ram`, `cpu`, `memory`, `operating_system`, `front_camera`, `rear_camera`, `user`, `create_date`, `image`, `level`) VALUES
(87, 12, 7, 'MacBook Air M2 15\"', 'MAC#07', 34990000, 32990000, 100, 'còn hàng', '<h2>MacBook Air M2 15 inch đem lại không gian hiển thị tuyệt đẹp cùng hiệu năng tuyệt vời. Kiểu dáng siêu mỏng nhẹ, thời lượng pin dài cùng hiệu suất tuyệt vời giúp phù hợp cho mọi nhu cầu học tập hay làm việc hàng ngày!</h2>', '15.3 inch Liquid Retina', '8GB', 'Apple M2', '256GB SSD', 'macOS 14', '1080p FaceTime', 'N/A', 'admin', '2025-06-23 12:42:20', 'https://cdn2.cellphones.com.vn/insecure/rs:fill:358:358/q:90/plain/https://cellphones.com.vn/media/catalog/product/m/a/macbook_16__1.png', 'hot'),
(88, 12, 7, 'MacBook Pro M1 Max 16\"', 'MAC#08', 79990000, 77990000, 100, 'còn hàng', '<h2>MacBook Pro M1 Max 16 inch mang lại hiệu năng tuyệt đỉnh cùng màn hình Liquid Retina XDR tuyệt đẹp. Phục vụ nhu cầu đồ họa, dựng phim hay sáng tạo chuyên nghiệp một cách nhanh chóng, mượt mà trên nền tảng chip M1 Max tuyệt vời!</h2>', '16.2 inch Liquid Retina XDR', '32GB', 'Apple M1 Max', '1TB SSD', 'macOS 14', '1080p FaceTime', 'N/A', 'admin', '2025-06-23 12:42:20', 'https://product.hstatic.net/1000377277/product/macbook-air-gold-m1-2020_5a74bc4968cf45dfba17b2677832e521_master.jpeg', 'hot'),
(89, 12, 7, 'MacBook Pro M1 Pro 14\"', 'MAC#09', 58990000, 56990000, 100, 'còn hàng', '<h2>MacBook Pro M1 Pro 14 inch đem lại hiệu suất tuyệt vời cùng chip M1 Pro cùng màn hình Liquid Retina tuyệt đẹp. Pin dung lượng cao giúp làm việc liên tục nhiều giờ, phục vụ mọi nhu cầu sáng tạo tuyệt vời trên macOS!</h2>', '14.2 inch Liquid Retina XDR', '16GB', 'Apple M1 Pro', '512GB SSD', 'macOS 14', '1080p FaceTime', 'N/A', 'admin', '2025-06-23 12:42:20', 'https://cdn.tgdd.vn/Products/Images/44/253581/apple-macbook-pro-14-m1-pro-2021-600x600.jpg', 'hot'),
(90, 12, 7, 'MacBook Air M3 15\"', 'MAC#10', 35990000, 34990000, 100, 'còn hàng', '<h2>MacBook Air M3 15 inch đem lại hiệu suất tuyệt vời cùng màn hình Liquid Retina tuyệt đẹp cùng hiệu năng vượt trội. Pin dung lượng cao cùng hiệu suất tuyệt vời giúp phục vụ mọi nhu cầu từ làm việc, học tập hay giải trí tuyệt đỉnh!</h2>', '15.3 inch Liquid Retina', '8GB', 'Apple M3', '256GB SSD', 'macOS 14', '1080p FaceTime', 'N/A', 'admin', '2025-06-23 12:42:20', 'https://cdn.tgdd.vn/Products/Images/44/322616/macbook-air-15-inch-m3-2024-1-750x500.jpg', 'hot'),
(91, 12, 8, 'Asus ZenBook 14 OLED', 'ASUS#01', 28990000, 26990000, 100, 'còn hàng', '<h2>Asus ZenBook 14 OLED đem lại trải nghiệm tuyệt vời trên màn hình OLED tuyệt đẹp cùng hiệu năng đỉnh cao từ chip Intel thế hệ mới. Thiết kế mỏng nhẹ, sang trọng cùng thời lượng pin dài giúp làm việc, học tập hay giải trí trên laptop trở nên mượt mà tuyệt đối!</h2>', '14 inch OLED', '16GB', 'Intel Core i7-12700H', '512GB SSD', 'Windows 11', '720p HD', 'N/A', 'admin', '2025-06-23 12:42:20', 'https://lh3.googleusercontent.com/GMN7JUYE7y95o_UZNNpmwTd26aJGqpM_O7bmwCPMwmmmZnT9i6Zd_iRC0weyodyXkUF1nXEWxavxErZhDoQsAk03urMmT7lidw=rw', 'hot'),
(92, 12, 8, 'Asus ROG Zephyrus G14', 'ASUS#02', 45990000, 43990000, 100, 'còn hàng', '<h2>Asus ROG Zephyrus G14 đem lại hiệu năng tuyệt đỉnh cùng chip Ryzen 9 cùng GPU RTX thế hệ mới. Màn hình 14 inch tuyệt đẹp, phù hợp cho game thủ hay người sáng tạo nội dung cần hiệu năng cao trên một chiếc laptop mỏng nhẹ tuyệt vời!</h2>', '14 inch IPS 120Hz', '16GB', 'AMD Ryzen 9 6900HS', '1TB SSD', 'Windows 11', '720p HD', 'N/A', 'admin', '2025-06-23 12:42:20', 'https://bizweb.dktcdn.net/thumb/grande/100/512/769/products/s-l1600-7.jpg?v=1712638904103', 'hot'),
(93, 12, 8, 'Asus VivoBook 15', 'ASUS#03', 16990000, 15990000, 150, 'còn hàng', '<h2>Asus VivoBook 15 mang lại hiệu năng tuyệt vời trong tầm giá phù hợp cùng chip Intel thế hệ mới, màn hình IPS tuyệt đẹp cùng thiết kế mỏng nhẹ. Pin dung lượng cao giúp học tập, làm việc hay giải trí cả ngày dài trên laptop tuyệt vời!</h2>', '15.6 inch IPS', '8GB', 'Intel Core i5-12500H', '512GB SSD', 'Windows 11', '720p HD', 'N/A', 'admin', '2025-06-23 12:42:20', 'https://tugia.vn/sites/default/files/41918_laptop_asus_vivobook_15_x1502za_bq127w_1_.jpg', 'hot'),
(94, 12, 8, 'Asus ZenBook Flip 13', 'ASUS#04', 21990000, 19990000, 150, 'còn hàng', '<h2>Asus ZenBook Flip 13 đem lại trải nghiệm tuyệt vời cùng màn hình cảm ứng OLED tuyệt đẹp cùng hiệu năng tuyệt đỉnh. Kiểu dáng xoay gập đa năng giúp phục vụ mọi nhu cầu từ học tập, làm việc hay thuyết trình chuyên nghiệp tuyệt vời trên laptop!</h2>', '13.3 inch OLED Touch', '8GB', 'Intel Core i5-1135G7', '512GB SSD', 'Windows 11', '720p HD', 'N/A', 'admin', '2025-06-23 12:42:20', 'https://lapvip.vn/upload/products/original/asus-zenbook-flip-13-ux362fa-el205t-blue-1600655984.jpg', 'hot'),
(95, 12, 8, 'Asus TUF Gaming F15', 'ASUS#05', 25990000, 23990000, 100, 'còn hàng', '<h2>Asus TUF Gaming F15 đem lại hiệu suất tuyệt đỉnh trong tầm trung nhờ chip Intel thế hệ mới cùng GPU RTX 3050. Kiểu dáng mạnh mẽ cùng màn hình IPS 144Hz tuyệt đẹp phù hợp cho game thủ hay người sáng tạo nội dung trên laptop tuyệt vời!</h2>', '15.6 inch IPS 144Hz', '16GB', 'Intel Core i7-12700H', '512GB SSD', 'Windows 11', '720p HD', 'N/A', 'admin', '2025-06-23 12:42:20', 'https://ttcenter.com.vn/uploads/photos/1689318911_2058_d9823d1982a40e8dd3ec16a2abe507db.jpg', 'hot'),
(96, 12, 8, 'Asus ZenBook Pro Duo 15', 'ASUS#06', 79990000, 77990000, 100, 'còn hàng', '<h2>Asus ZenBook Pro Duo 15 đem lại trải nghiệm tuyệt vời cùng màn hình OLED tuyệt đẹp cùng màn hình phụ ScreenPad Plus đa nhiệm tuyệt vời. Hiệu năng tuyệt đỉnh nhờ chip i9 cùng GPU RTX 3070 phục vụ mọi nhu cầu sáng tạo trên laptop tuyệt đỉnh!</h2>', '15.6 inch OLED Touch', '32GB', 'Intel Core i9-11900H', '1TB SSD', 'Windows 11', '720p HD', 'N/A', 'admin', '2025-06-23 12:42:20', 'https://hanoilab.com/wp-content/uploads/2021/12/Zenbook-Pro-Duo-15-OLED-UX582-1.jpg', 'hot'),
(97, 12, 8, 'Asus ROG Strix G15', 'ASUS#07', 30990000, 28990000, 100, 'còn hàng', '<h2>Asus ROG Strix G15 đem lại hiệu năng tuyệt đỉnh nhờ chip Ryzen thế hệ mới cùng GPU RTX mạnh mẽ. Kiểu dáng hầm hố cùng màn hình IPS 300Hz tuyệt đẹp giúp phục vụ nhu cầu gaming đỉnh cao cùng công việc sáng tạo tuyệt vời trên laptop!</h2>', '15.6 inch IPS 300Hz', '16GB', 'AMD Ryzen 7 5800H', '1TB SSD', 'Windows 11', '720p HD', 'N/A', 'admin', '2025-06-23 12:42:20', 'https://ttcenter.com.vn/uploads/product/rgpqv0v6-847-asus-rog-strix-g15-g513ih-hn015w-ryzen-7-4800h-8gb-512gb-gtx-1650-15-6-fhd-144hz-fullbox.jpg', 'hot'),
(98, 12, 8, 'Asus VivoBook Pro 14X', 'ASUS#08', 23990000, 22990000, 100, 'còn hàng', '<h2>Asus VivoBook Pro 14X đem lại hiệu năng tuyệt vời cùng chip Ryzen thế hệ mới cùng màn hình OLED tuyệt đẹp. Kiểu dáng mỏng nhẹ phù hợp với nhu cầu làm việc sáng tạo cùng dung lượng pin cao giúp duy trì hiệu suất tuyệt vời cả ngày dài!</h2>', '14 inch OLED', '16GB', 'AMD Ryzen 5 5600H', '512GB SSD', 'Windows 11', '720p HD', 'N/A', 'admin', '2025-06-23 12:42:20', 'https://nguyencongpc.vn/media/product/22427-asus-pro---en-2.jpg', 'hot'),
(99, 12, 8, 'Asus ExpertBook B9', 'ASUS#09', 34990000, 32990000, 100, 'còn hàng', '<h2>Asus ExpertBook B9 đem lại hiệu suất tuyệt đỉnh trong tầm laptop doanh nhân nhờ chip Intel thế hệ mới cùng màn hình tuyệt đẹp. Kiểu dáng siêu mỏng nhẹ cùng thời lượng pin dài giúp phục vụ nhu cầu làm việc đa nhiệm tuyệt vời!</h2>', '14 inch IPS', '16GB', 'Intel Core i7-1260P', '1TB SSD', 'Windows 11', '720p HD', 'N/A', 'admin', '2025-06-23 12:42:20', 'https://www.tnc.com.vn/uploads/product/sp2025/laptop-asus-expertbook-b9-oled-b9403cvar-km0837x.jpg', 'hot'),
(100, 12, 8, 'Asus ZenBook S 13', 'ASUS#10', 29990000, 27990000, 100, 'còn hàng', '<h2>Asus ZenBook S 13 đem lại trải nghiệm tuyệt vời cùng hiệu năng tuyệt đỉnh trong thiết kế siêu mỏng nhẹ. Màn hình OLED tuyệt đẹp cùng pin dung lượng cao giúp phục vụ mọi nhu cầu làm việc hay sáng tạo tuyệt vời trên laptop!</h2>', '13.3 inch OLED', '16GB', 'AMD Ryzen 7 5800U', '512GB SSD', 'Windows 11', '720p HD', 'N/A', 'admin', '2025-06-23 12:42:20', 'https://bizweb.dktcdn.net/thumb/large/100/372/934/products/asus-zenbook-s-13-oled-ux5304-cong-ket-noi-phai-9e25357e-b6b9-4347-a139-86c4ba590b03.jpg?v=1726072510127', 'hot'),
(101, 12, 9, 'Lenovo ThinkPad X1 Carbon Gen 10', 'LENOVO#01', 45990000, 43990000, 100, 'còn hàng', '<h2>Lenovo ThinkPad X1 Carbon Gen 10 đem lại hiệu suất tuyệt đỉnh cùng độ bền cao trong thiết kế mỏng nhẹ. Màn hình IPS tuyệt đẹp cùng chip Intel thế hệ mới giúp phục vụ nhu cầu làm việc đa nhiệm tuyệt vời trên laptop doanh nhân hàng đầu!</h2>', '14 inch IPS 2.2K', '16GB', 'Intel Core i7-1270P', '512GB SSD', 'Windows 11 Pro', '720p HD', 'N/A', 'admin', '2025-06-23 12:42:20', 'https://product.hstatic.net/1000331874/product/thinkpad_x1_gen_10_3527b463dea44b44bb027fd6ce5e51b9.jpg', 'hot'),
(102, 12, 9, 'Lenovo IdeaPad 3', 'LENOVO#02', 12990000, 11990000, 100, 'còn hàng', '<h2>Lenovo IdeaPad 3 đem lại hiệu năng tuyệt vời trong tầm giá nhờ chip Intel thế hệ mới cùng màn hình FHD tuyệt đẹp. Pin dung lượng cao giúp phục vụ nhu cầu học online, làm việc hay giải trí trên laptop cả ngày dài!</h2>', '15.6 inch FHD IPS', '8GB', 'Intel Core i5-1135G7', '256GB SSD', 'Windows 11', '720p HD', 'N/A', 'admin', '2025-06-23 12:42:20', 'https://synnexfpt.com/wp-content/uploads/2022/01/IdeaPad_3_15ITL6_CT1_03.png', 'hot'),
(103, 12, 9, 'Lenovo Yoga Slim 7 Pro', 'LENOVO#03', 26990000, 24990000, 100, 'còn hàng', '<h2>Lenovo Yoga Slim 7 Pro đem lại hiệu năng tuyệt đỉnh cùng màn hình OLED tuyệt đẹp. Kiểu dáng mỏng nhẹ cùng chip Ryzen thế hệ mới giúp phục vụ mọi nhu cầu làm việc đa nhiệm, sáng tạo trên laptop tuyệt vời!</h2>', '14 inch OLED 2.8K', '16GB', 'AMD Ryzen 7 5800H', '512GB SSD', 'Windows 11', '720p HD', 'N/A', 'admin', '2025-06-23 12:42:20', 'https://d28jzcg6y4v9j1.cloudfront.net/media/core/products/2023/7/19/lenovo-yoga-slim-7-slim-7-14iap7-thinkpro-68D.png', 'hot'),
(104, 12, 9, 'Lenovo Legion 5 Pro', 'LENOVO#04', 35990000, 32990000, 100, 'còn hàng', '<h2>Lenovo Legion 5 Pro đem lại hiệu năng tuyệt đỉnh cùng chip Ryzen thế hệ mới cùng GPU RTX 3070, màn hình IPS 165Hz tuyệt đẹp giúp phục vụ nhu cầu gaming cao cấp cùng công việc sáng tạo tuyệt vời trên laptop tuyệt đỉnh!</h2>', '16 inch IPS 165Hz', '16GB', 'AMD Ryzen 7 5800H', '1TB SSD', 'Windows 11', '720p HD', 'N/A', 'admin', '2025-06-23 12:42:20', 'https://laptopaz.vn/media/product/2816_2816_e2e2e23.png', 'hot'),
(105, 12, 9, 'Lenovo ThinkBook 14 G3', 'LENOVO#05', 16990000, 15990000, 100, 'còn hàng', '<h2>Lenovo ThinkBook 14 G3 đem lại hiệu năng tuyệt vời trong tầm giá nhờ chip Ryzen thế hệ mới cùng màn hình IPS tuyệt đẹp. Kiểu dáng mỏng nhẹ giúp phục vụ nhu cầu làm việc đa nhiệm tuyệt vời trên laptop!</h2>', '14 inch IPS FHD', '8GB', 'AMD Ryzen 5 5600U', '512GB SSD', 'Windows 11', '720p HD', 'N/A', 'admin', '2025-06-23 12:42:20', 'https://cdn2.cellphones.com.vn/insecure/rs:fill:358:358/q:90/plain/https://cellphones.com.vn/media/catalog/product/t/e/text_d_i_1__6.png', 'hot'),
(106, 12, 9, 'Lenovo Yoga Duet 7', 'LENOVO#06', 22990000, 21990000, 100, 'còn hàng', '<h2>Lenovo Yoga Duet 7 đem lại trải nghiệm tuyệt vời nhờ màn hình cảm ứng tuyệt đẹp cùng hiệu năng tuyệt đỉnh. Kiểu dáng 2-in-1 cùng chip Intel thế hệ mới giúp phục vụ nhu cầu học tập, làm việc hay sáng tạo tuyệt vời trên laptop!</h2>', '13 inch IPS 2K Touch', '8GB', 'Intel Core i5-1135G7', '256GB SSD', 'Windows 11', '720p HD', 'N/A', 'admin', '2025-06-23 12:42:20', 'https://cdn2.cellphones.com.vn/insecure/rs:fill:358:358/q:90/plain/https://cellphones.com.vn/media/catalog/product/l/a/laptop-lenovo-yoga-duet-7-13iml05-i7_5_.jpg', 'hot'),
(107, 12, 9, 'Lenovo IdeaPad Gaming 3', 'LENOVO#07', 21990000, 19990000, 100, 'còn hàng', '<h2>Lenovo IdeaPad Gaming 3 đem lại hiệu năng tuyệt vời cùng chip Ryzen thế hệ mới cùng GPU RTX giúp trải nghiệm gaming tuyệt vời. Kiểu dáng khỏe khoắn cùng màn hình IPS 120Hz tuyệt đẹp giúp phục vụ nhu cầu chơi game cùng làm việc tuyệt vời!</h2>', '15.6 inch IPS 120Hz', '16GB', 'AMD Ryzen 5 5600H', '512GB SSD', 'Windows 11', '720p HD', 'N/A', 'admin', '2025-06-23 12:42:20', 'https://bizweb.dktcdn.net/100/487/158/products/ideapad-jpeg.jpg?v=1690798694907', 'hot'),
(108, 12, 9, 'Lenovo ThinkPad E14 Gen 3', 'LENOVO#08', 18990000, 17990000, 100, 'còn hàng', '<h2>Lenovo ThinkPad E14 Gen 3 đem lại hiệu năng tuyệt vời cùng độ bền cao trong thiết kế mỏng nhẹ. Màn hình IPS tuyệt đẹp cùng chip Ryzen thế hệ mới giúp phục vụ nhu cầu làm việc đa nhiệm tuyệt vời trên laptop!</h2>', '14 inch IPS FHD', '16GB', 'AMD Ryzen 5 5600U', '512GB SSD', 'Windows 11', '720p HD', 'N/A', 'admin', '2025-06-23 12:42:20', 'https://hanoicomputercdn.com/media/product/66308_laptop_lenovo_thinkpad_e14_gen_2_12.png', 'hot'),
(109, 12, 9, 'Lenovo Legion Slim 7', 'LENOVO#09', 42990000, 41990000, 100, 'còn hàng', '<h2>Lenovo Legion Slim 7 đem lại hiệu năng tuyệt đỉnh cùng chip Ryzen thế hệ mới cùng GPU RTX tuyệt vời. Kiểu dáng mỏng nhẹ cùng màn hình IPS tuyệt đẹp giúp phục vụ nhu cầu gaming cùng làm việc tuyệt vời trên laptop cao cấp!</h2>', '15.6 inch IPS 165Hz', '16GB', 'AMD Ryzen 9 5900HX', '1TB SSD', 'Windows 11', '720p HD', 'N/A', 'admin', '2025-06-23 12:42:20', 'https://bizweb.dktcdn.net/100/512/769/products/legion-slim-7-16irh8-2-f9b9873d-4724-482c-af26-2cb81f3d3c25.jpg?v=1727414594620', 'hot'),
(110, 12, 9, 'Lenovo IdeaPad Flex 5', 'LENOVO#10', 15990000, 14990000, 100, 'còn hàng', '<h2>Lenovo IdeaPad Flex 5 đem lại hiệu suất tuyệt vời trong tầm laptop đa năng nhờ màn hình cảm ứng tuyệt đẹp cùng chip Ryzen thế hệ mới. Kiểu dáng xoay gập giúp phục vụ nhu cầu làm việc đa nhiệm tuyệt vời trên laptop 2 trong 1!</h2>', '14 inch IPS FHD Touch', '8GB', 'AMD Ryzen 5 5500U', '512GB SSD', 'Windows 11', '720p HD', 'N/A', 'admin', '2025-06-23 12:42:20', 'https://cdn2.cellphones.com.vn/insecure/rs:fill:358:358/q:90/plain/https://cellphones.com.vn/media/catalog/product/g/r/group_744_1__8.png', 'hot'),
(111, 12, 10, 'Dell XPS 13 Plus', 'DELL#01', 42990000, 40990000, 100, 'còn hàng', '<h2>Dell XPS 13 Plus đem lại trải nghiệm tuyệt vời nhờ màn hình OLED tuyệt đẹp cùng hiệu năng tuyệt đỉnh từ chip thế hệ mới. Kiểu dáng siêu mỏng nhẹ cùng pin dung lượng cao giúp phục vụ nhu cầu làm việc đa nhiệm tuyệt vời trên laptop cao cấp!</h2>', '13.4 inch OLED 3.5K', '16GB', 'Intel Core i7-1260P', '512GB SSD', 'Windows 11 Pro', '720p HD', 'N/A', 'admin', '2025-06-23 12:42:20', 'https://hanoilab.com/wp-content/uploads/2022/08/Dell-xps-13-plus-9320-hanoilab.jpg', 'hot'),
(112, 12, 10, 'Dell Inspiron 15', 'DELL#02', 19990000, 18990000, 100, 'còn hàng', '<h2>Dell Inspiron 15 đem lại hiệu năng tuyệt vời trong tầm laptop phổ thông nhờ chip thế hệ mới cùng màn hình FHD tuyệt đẹp. Pin dung lượng cao giúp phục vụ nhu cầu làm việc, học tập hay giải trí tuyệt vời trên laptop!</h2>', '15.6 inch FHD IPS', '8GB', 'Intel Core i5-1135G7', '512GB SSD', 'Windows 11', '720p HD', 'N/A', 'admin', '2025-06-23 12:42:20', 'https://cdn2.cellphones.com.vn/insecure/rs:fill:358:358/q:90/plain/https://cellphones.com.vn/media/catalog/product/t/e/text_ng_n_7__2_79.png', 'hot'),
(113, 12, 10, 'Dell G15 Gaming', 'DELL#03', 28990000, 26990000, 100, 'còn hàng', '<h2>Dell G15 Gaming đem lại hiệu suất tuyệt đỉnh nhờ GPU RTX cùng chip Intel thế hệ mới. Màn hình IPS 120Hz tuyệt đẹp cùng kiểu dáng chắc chắn giúp phục vụ nhu cầu gaming cùng công việc sáng tạo tuyệt vời trên laptop tuyệt đỉnh!</h2>', '15.6 inch IPS 120Hz', '16GB', 'Intel Core i7-12700H', '512GB SSD', 'Windows 11', '720p HD', 'N/A', 'admin', '2025-06-23 12:42:20', 'https://cdn2.cellphones.com.vn/insecure/rs:fill:358:358/q:90/plain/https://cellphones.com.vn/media/catalog/product/l/a/laptop-acer-swift-go-14-ai-sfg14-73-71zx_30__3.png', 'hot'),
(114, 12, 10, 'Dell XPS 15', 'DELL#04', 58990000, 56990000, 100, 'còn hàng', '<h2>Dell XPS 15 đem lại hiệu năng tuyệt đỉnh cùng màn hình OLED tuyệt đẹp cùng chip thế hệ mới giúp phục vụ nhu cầu đồ họa, lập trình hay sáng tạo tuyệt vời trên laptop cao cấp. Kiểu dáng sang trọng cùng pin dung lượng cao tuyệt đỉnh!</h2>', '15.6 inch OLED 3.5K', '32GB', 'Intel Core i9-11900H', '1TB SSD', 'Windows 11 Pro', '720p HD', 'N/A', 'admin', '2025-06-23 12:42:20', 'https://nhatminhlaptop.com/upload/products/2023-03-23-13-45-56/9530-1.jpg', 'hot'),
(115, 12, 10, 'Dell Latitude 7420', 'DELL#05', 32990000, 30990000, 100, 'còn hàng', '<h2>Dell Latitude 7420 đem lại hiệu năng tuyệt vời trong dòng laptop doanh nhân nhờ chip thế hệ mới cùng màn hình IPS tuyệt đẹp. Kiểu dáng chắc chắn cùng độ bền tuyệt đỉnh giúp phục vụ nhu cầu làm việc di động tuyệt vời trên laptop!</h2>', '14 inch IPS FHD', '16GB', 'Intel Core i5-1135G7', '512GB SSD', 'Windows 11 Pro', '720p HD', 'N/A', 'admin', '2025-06-23 12:42:20', 'https://cdn2.cellphones.com.vn/insecure/rs:fill:358:358/q:90/plain/https://cellphones.com.vn/media/catalog/product/l/a/laptop-dell-latitude-7420-cu-dep_2.jpg', 'hot'),
(116, 12, 10, 'Dell Precision 5550', 'DELL#06', 55990000, 53990000, 100, 'còn hàng', '<h2>Dell Precision 5550 đem lại hiệu năng tuyệt đỉnh cùng GPU chuyên nghiệp cùng chip thế hệ mới giúp phục vụ nhu cầu đồ họa, kiến trúc tuyệt vời trên laptop. Kiểu dáng chắc chắn cùng độ bền cao phù hợp cho công việc sáng tạo tuyệt vời!</h2>', '15.6 inch FHD IPS', '32GB', 'Intel Xeon W-10855M', '1TB SSD', 'Windows 11 Pro', '720p HD', 'N/A', 'admin', '2025-06-23 12:42:20', 'https://www.tradeinn.com/f/13921/139215715/dell-xps-15-15.6-i7-12700h-16gb-1tb-ssd-rtx-3050ti-laptop.webp', 'hot'),
(117, 12, 10, 'Dell Vostro 14 5402', 'DELL#07', 17990000, 16990000, 100, 'còn hàng', '<h2>Dell Vostro 14 5402 đem lại hiệu năng tuyệt vời trong tầm laptop doanh nhân nhờ chip thế hệ mới cùng màn hình IPS tuyệt đẹp. Kiểu dáng chắc chắn cùng thời lượng pin dài giúp phục vụ nhu cầu làm việc tuyệt vời hàng ngày trên laptop!</h2>', '14 inch IPS FHD', '8GB', 'Intel Core i5-1135G7', '256GB SSD', 'Windows 11', '720p HD', 'N/A', 'admin', '2025-06-23 12:42:20', 'https://nhatminhlaptop.com/upload/products/2023-03-13-13-47-52/5402vostro-1.jpg', 'hot'),
(118, 12, 10, 'Dell XPS 17', 'DELL#08', 67990000, 65990000, 100, 'còn hàng', '<h2>Dell XPS 17 đem lại hiệu năng tuyệt đỉnh cùng màn hình IPS tuyệt đẹp cùng chip thế hệ mới giúp phục vụ nhu cầu thiết kế đồ họa, dựng phim tuyệt vời trên laptop cao cấp. Kiểu dáng sang trọng cùng độ bền tuyệt đỉnh phù hợp mọi nhu cầu làm việc sáng tạo!</h2>', '17 inch IPS 4K', '32GB', 'Intel Core i9-11980HK', '2TB SSD', 'Windows 11 Pro', '720p HD', 'N/A', 'admin', '2025-06-23 12:42:20', 'https://tanphat.com.vn/media/product/2905_laptop_dell_xps_xps_17_9710_xps7i7001w1.jpg', 'hot'),
(119, 12, 10, 'Dell G3 15 Gaming', 'DELL#09', 21990000, 20990000, 100, 'còn hàng', '<h2>Dell G3 15 Gaming đem lại hiệu suất tuyệt vời trong tầm laptop gaming nhờ chip thế hệ mới cùng GPU RTX tuyệt đỉnh. Kiểu dáng chắc chắn cùng màn hình IPS tuyệt đẹp giúp phục vụ nhu cầu gaming cùng sáng tạo tuyệt vời trên laptop tuyệt đỉnh!</h2>', '15.6 inch IPS 120Hz', '16GB', 'Intel Core i5-11400H', '512GB SSD', 'Windows 11', '720p HD', 'N/A', 'admin', '2025-06-23 12:42:20', 'https://cdn2.cellphones.com.vn/insecure/rs:fill:358:358/q:90/plain/https://cellphones.com.vn/media/catalog/product/l/a/laptop-dell-gaming-g3-3500_4_.jpg', 'hot'),
(120, 12, 10, 'Dell Inspiron 14 2in1', 'DELL#10', 22990000, 21990000, 100, 'còn hàng', '<h2>Dell Inspiron 14 2in1 đem lại hiệu năng tuyệt vời cùng màn hình cảm ứng tuyệt đẹp giúp phục vụ nhu cầu làm việc đa nhiệm tuyệt vời trên laptop đa năng. Kiểu dáng chắc chắn cùng hiệu suất tuyệt đỉnh giúp trải nghiệm tuyệt vời mọi nơi!</h2>', '14 inch IPS FHD Touch', '16GB', 'Intel Core i7-1165G7', '512GB SSD', 'Windows 11', '720p HD', 'N/A', 'admin', '2025-06-23 12:42:20', 'https://laptopphuocdat.com/wp-content/uploads/2022/07/Dell-inspiron-14-7420-1.png', 'hot');


-- --------------------------------------------------------

--
-- Table structure for table `tbl_slider`
--

CREATE TABLE `tbl_slider` (
  `id` int(11) NOT NULL,
  `image` varchar(255) NOT NULL,
  `user` varchar(255) NOT NULL,
  `create_date` varchar(255) NOT NULL,
  `type` enum('dọc','ngang') NOT NULL
) ENGINE=InnoDB DEFAULT CHARSET=utf8mb4 COLLATE=utf8mb4_general_ci;

--
-- Dumping data for table `tbl_slider`
--

INSERT INTO `tbl_slider` (`id`, `image`, `user`, `create_date`, `type`) VALUES
(4, 'public/images/slider-06.png', 'admin', '', 'ngang'),
(5, 'public/images/slider-08.jpg', 'admin', '', 'ngang'),
(15, 'public/images/slider-07.jpg', 'Admin', '27/10/2023', 'ngang');

-- --------------------------------------------------------

--
-- Table structure for table `tbl_vnpay`
--

CREATE TABLE `tbl_vnpay` (
  `code` text NOT NULL,
  `name` text NOT NULL,
  `mail` text NOT NULL,
  `contact` text NOT NULL,
  `total` text NOT NULL,
  `time` text NOT NULL,
  `address` text NOT NULL,
  `trangthai` varchar(255) NOT NULL
) ENGINE=InnoDB DEFAULT CHARSET=utf8mb4 COLLATE=utf8mb4_general_ci;

--
-- Dumping data for table `tbl_vnpay`
--

INSERT INTO `tbl_vnpay` (`code`, `name`, `mail`, `contact`, `total`, `time`, `address`, `trangthai`) VALUES
('Trung Nhạc(1698555507)', 'Trung Nhạc', 'admin', '64980000', '64980000', '1698555507', 'Viet Nam', ''),
('Trung Nhạc1698555585', 'Trung Nhạc', 'admin', '64980000', '64980000', '1698555585', 'Viet Nam', ''),
('Trung Nhạc1698556768', 'Trung Nhạc', 'admin', '72470000', '72470000', '1698556768', 'Viet Nam', 'errol'),
('Trung Nhạc1698556846', 'Trung Nhạc', 'admin', '72470000', '72470000', '1698556846', 'Viet Nam', 'Thanh Cong'),
('', '', '', '', '', '', '', 'success'),
('Trung Nhạc1698557187', 'Trung Nhạc', 'admin', '90460000', '90460000', '1698557187', 'Viet Nam', 'Thanh Cong'),
('Trung Nhạc1698557301', 'Trung Nhạc', 'admin', '17990000', '17990000', '1698557301', 'Viet Nam', 'errol'),
('Trung Nhạc1698559225', 'Trung Nhạc', 'admin', '0', '0', '1698559225', 'Viet Nam', 'Cho Thanh Toan'),
('Trung Nhạc1698559285', 'Trung Nhạc', 'admin', '33990000', '33990000', '1698559285', 'Viet Nam', 'Cho Thanh Toan');

--
-- Indexes for dumped tables
--

--
-- Indexes for table `tbl_admin`
--
ALTER TABLE `tbl_admin`
  ADD PRIMARY KEY (`id`);

--
-- Indexes for table `tbl_blog`
--
ALTER TABLE `tbl_blog`
  ADD PRIMARY KEY (`id`);

--
-- Indexes for table `tbl_brand`
--
ALTER TABLE `tbl_brand`
  ADD PRIMARY KEY (`id`);

--
-- Indexes for table `tbl_cart`
--
ALTER TABLE `tbl_cart`
  ADD PRIMARY KEY (`id`),
  ADD KEY `id_customer` (`id_customer`);

--
-- Indexes for table `tbl_category`
--
ALTER TABLE `tbl_category`
  ADD PRIMARY KEY (`id`);

--
-- Indexes for table `tbl_customer`
--
ALTER TABLE `tbl_customer`
  ADD PRIMARY KEY (`id`);

--
-- Indexes for table `tbl_detail_cart`
--
ALTER TABLE `tbl_detail_cart`
  ADD PRIMARY KEY (`id`),
  ADD KEY `id_cart` (`id_cart`),
  ADD KEY `id_product` (`id_product`);

--
-- Indexes for table `tbl_detail_order`
--
ALTER TABLE `tbl_detail_order`
  ADD PRIMARY KEY (`id`),
  ADD KEY `id_product` (`id_product`),
  ADD KEY `id_order` (`id_order`);

--
-- Indexes for table `tbl_order`
--
ALTER TABLE `tbl_order`
  ADD PRIMARY KEY (`id`),
  ADD KEY `id_cart` (`id_cart`),
  ADD KEY `tbl_order_ibfk_1` (`custom_id`);

--
-- Indexes for table `tbl_product`
--
ALTER TABLE `tbl_product`
  ADD PRIMARY KEY (`id`),
  ADD KEY `id_brand` (`id_brand`),
  ADD KEY `id_category` (`id_category`);

--
-- Indexes for table `tbl_slider`
--
ALTER TABLE `tbl_slider`
  ADD PRIMARY KEY (`id`);

--
-- AUTO_INCREMENT for dumped tables
--

--
-- AUTO_INCREMENT for table `tbl_admin`
--
ALTER TABLE `tbl_admin`
  MODIFY `id` int(11) NOT NULL AUTO_INCREMENT, AUTO_INCREMENT=3;

--
-- AUTO_INCREMENT for table `tbl_blog`
--
ALTER TABLE `tbl_blog`
  MODIFY `id` int(11) NOT NULL AUTO_INCREMENT, AUTO_INCREMENT=24;

--
-- AUTO_INCREMENT for table `tbl_brand`
--
ALTER TABLE `tbl_brand`
  MODIFY `id` int(11) NOT NULL AUTO_INCREMENT, AUTO_INCREMENT=7;

--
-- AUTO_INCREMENT for table `tbl_cart`
--
ALTER TABLE `tbl_cart`
  MODIFY `id` int(11) NOT NULL AUTO_INCREMENT, AUTO_INCREMENT=10;

--
-- AUTO_INCREMENT for table `tbl_category`
--
ALTER TABLE `tbl_category`
  MODIFY `id` int(11) NOT NULL AUTO_INCREMENT, AUTO_INCREMENT=15;

--
-- AUTO_INCREMENT for table `tbl_customer`
--
ALTER TABLE `tbl_customer`
  MODIFY `id` int(11) NOT NULL AUTO_INCREMENT, AUTO_INCREMENT=5;

--
-- AUTO_INCREMENT for table `tbl_detail_cart`
--
ALTER TABLE `tbl_detail_cart`
  MODIFY `id` int(11) NOT NULL AUTO_INCREMENT, AUTO_INCREMENT=90;

--
-- AUTO_INCREMENT for table `tbl_detail_order`
--
ALTER TABLE `tbl_detail_order`
  MODIFY `id` int(11) NOT NULL AUTO_INCREMENT, AUTO_INCREMENT=52;

--
-- AUTO_INCREMENT for table `tbl_order`
--
ALTER TABLE `tbl_order`
  MODIFY `id` int(11) NOT NULL AUTO_INCREMENT, AUTO_INCREMENT=45;

--
-- AUTO_INCREMENT for table `tbl_product`
--
ALTER TABLE `tbl_product`
  MODIFY `id` int(11) NOT NULL AUTO_INCREMENT, AUTO_INCREMENT=54;

--
-- AUTO_INCREMENT for table `tbl_slider`
--
ALTER TABLE `tbl_slider`
  MODIFY `id` int(11) NOT NULL AUTO_INCREMENT, AUTO_INCREMENT=16;

--
-- Constraints for dumped tables
--

--
-- Constraints for table `tbl_cart`
--
ALTER TABLE `tbl_cart`
  ADD CONSTRAINT `tbl_cart_ibfk_1` FOREIGN KEY (`id_customer`) REFERENCES `tbl_customer` (`id`);

--
-- Constraints for table `tbl_detail_cart`
--
ALTER TABLE `tbl_detail_cart`
  ADD CONSTRAINT `tbl_detail_cart_ibfk_1` FOREIGN KEY (`id_cart`) REFERENCES `tbl_cart` (`id`) ON UPDATE NO ACTION,
  ADD CONSTRAINT `tbl_detail_cart_ibfk_2` FOREIGN KEY (`id_product`) REFERENCES `tbl_product` (`id`) ON UPDATE NO ACTION;

--
-- Constraints for table `tbl_detail_order`
--
ALTER TABLE `tbl_detail_order`
  ADD CONSTRAINT `tbl_detail_order_ibfk_1` FOREIGN KEY (`id_product`) REFERENCES `tbl_product` (`id`) ON UPDATE NO ACTION,
  ADD CONSTRAINT `tbl_detail_order_ibfk_2` FOREIGN KEY (`id_order`) REFERENCES `tbl_order` (`id`) ON UPDATE NO ACTION;

--
-- Constraints for table `tbl_order`
--
ALTER TABLE `tbl_order`
  ADD CONSTRAINT `tbl_order_ibfk_1` FOREIGN KEY (`custom_id`) REFERENCES `tbl_customer` (`id`) ON UPDATE NO ACTION,
  ADD CONSTRAINT `tbl_order_ibfk_2` FOREIGN KEY (`id_cart`) REFERENCES `tbl_cart` (`id`) ON UPDATE NO ACTION;

--
-- Constraints for table `tbl_product`
--
ALTER TABLE `tbl_product`
  ADD CONSTRAINT `tbl_product_ibfk_1` FOREIGN KEY (`id_brand`) REFERENCES `tbl_brand` (`id`) ON UPDATE NO ACTION,
  ADD CONSTRAINT `tbl_product_ibfk_2` FOREIGN KEY (`id_category`) REFERENCES `tbl_category` (`id`) ON UPDATE NO ACTION;
COMMIT;

/*!40101 SET CHARACTER_SET_CLIENT=@OLD_CHARACTER_SET_CLIENT */;
/*!40101 SET CHARACTER_SET_RESULTS=@OLD_CHARACTER_SET_RESULTS */;
/*!40101 SET COLLATION_CONNECTION=@OLD_COLLATION_CONNECTION */;
